date,Q1,Q2,Q3,Q4,Q5,spread
1951-07-31,7.97674461538461,5.93134,6.2136609375,8.15161076923077,6.28728153846154,-1.6894630769230696
1951-08-31,3.92617384615385,5.61467230769231,5.0388453125,5.39638,5.31460769230769,1.38843384615384
1951-09-28,1.26396461538462,1.25217692307692,1.7108390625,2.13742923076923,2.60803076923077,1.34406615384615
1951-10-31,-4.24297384615385,-1.62296615384615,-1.832546875,-1.95094461538462,-2.71207692307692,1.5308969230769303
1951-11-30,1.14703692307692,2.50624461538461,1.5628234375,0.526053846153845,1.15512,0.008083076923079968
1951-12-31,3.97732307692308,2.41713692307693,2.1736625,2.14294923076923,1.06718615384615,-2.91013692307693
1952-01-31,1.61359846153846,0.750349230769231,2.037775,1.8003,1.28795692307692,-0.3256415384615401
1952-02-29,-3.17037846153846,-2.50069692307692,-2.812021875,-2.11951384615385,-2.84578769230769,0.3245907692307699
1952-03-31,2.15665384615385,2.45456461538462,3.269384375,3.13437692307692,3.28387230769231,1.12721846153846
1952-04-30,-4.57586461538462,-5.15104769230769,-4.9184171875,-5.54807076923077,-5.00878153846154,-0.4329169230769203
1952-05-29,3.22241076923077,2.41366,2.33365,2.59652,2.32853692307692,-0.8938738461538502
1952-06-30,2.88066461538461,3.19243230769231,3.869625,4.18853230769231,4.1731,1.29243538461539
1952-07-31,0.456567567567567,1.00142328767123,1.82210821917808,1.42251643835617,1.04044189189189,0.5838743243243231
1952-08-29,-0.69805945945946,-0.365917808219179,0.735191780821918,-0.91585205479452,0.547855405405405,1.245914864864865
1952-09-30,-1.57040675675676,-1.72513835616438,-1.72859178082192,-2.2371397260274,-2.08217162162162,-0.5117648648648603
1952-10-31,-1.48468783783784,-0.885312328767124,-1.21408904109589,-0.997978082191782,-1.20817432432432,0.27651351351352016
1952-11-28,6.21838783783784,5.80114657534246,7.4151301369863,5.96606712328767,5.80785,-0.4105378378378397
1952-12-31,2.01137297297297,2.40866438356165,1.5501698630137,3.25402054794521,2.62731486486487,0.6159418918919002
1953-01-30,-0.466683783783783,1.11430821917808,1.74723698630137,2.06889178082192,3.87132567567568,4.338009459459463
1953-02-27,0.775527027027026,0.49621095890411,0.506406849315068,1.35341232876712,1.05461756756757,0.27909054054054394
1953-03-31,-1.24801891891892,-1.66814109589041,-1.31579726027397,0.11495616438356,-1.38721081081081,-0.13919189189189018
1953-04-30,-2.73049054054054,-2.50208356164384,-2.24486712328767,-1.52880821917808,0.0438094594594598,2.7742999999999998
1953-05-29,1.20555540540541,0.686545205479452,0.318982191780822,0.549597260273972,1.06151351351351,-0.14404189189189998
1953-06-30,-2.02373378378378,-3.26415205479452,-2.48812054794521,-2.8838794520548,-3.76897567567567,-1.7452418918918897
1953-07-31,2.27821066666667,2.016876,1.86348918918919,1.96609866666667,2.50467066666667,0.22645999999999988
1953-08-31,-4.15665733333333,-4.11680533333333,-5.15314864864865,-4.73558666666667,-5.49717466666667,-1.3405173333333398
1953-09-30,0.953722666666666,0.981130666666666,0.532667567567568,-1.33830533333333,-1.81977066666667,-2.7734933333333363
1953-10-30,4.08769466666667,3.97490933333333,3.90798648648648,5.68937066666667,3.61303466666667,-0.4746600000000001
1953-11-30,4.306744,1.67905866666667,3.16937297297297,1.75143466666667,2.50983866666667,-1.79690533333333
1953-12-31,0.327382666666666,0.00282133333333382,0.0380594594594587,-0.873718666666666,-2.33678533333334,-2.664168000000006
1954-01-29,5.02186133333333,5.16141466666667,6.43973513513514,6.85345733333333,8.80923066666667,3.7873693333333396
1954-02-26,1.89421333333333,1.25817866666667,2.39017702702703,1.50526133333333,1.14965066666667,-0.74456266666666
1954-03-31,4.30779733333333,2.87224,3.37995405405405,3.69033866666667,1.90331466666667,-2.4044826666666594
1954-04-30,2.90132933333333,2.38752666666667,3.88805675675675,1.01695866666667,0.145521333333334,-2.755807999999996
1954-05-28,3.015644,3.11393066666667,4.43103783783784,4.12525066666667,5.327172,2.311528
1954-06-30,2.227952,1.79086133333333,1.69546891891892,2.03824266666667,1.81721733333333,-0.41073466666667025
1954-07-30,5.31640921052631,5.08312894736842,7.995876,7.49653684210526,8.98448947368421,3.6680802631578997
1954-08-31,-2.66469210526316,-2.37833157894737,-2.791272,-1.23853552631579,-1.08092631578947,1.58376578947369
1954-09-30,5.35973157894737,5.59265921052631,6.12454933333334,5.476475,4.37716184210526,-0.9825697368421098
1954-10-29,-0.776505263157895,0.0135973684210526,0.597873333333333,-0.0666026315789471,-0.0140513157894733,0.7624539473684218
1954-11-30,9.68847368421053,9.60100657894737,9.25024,10.4927631578947,11.7196078947368,2.03113421052627
1954-12-31,4.79172894736842,6.18395,6.66863733333333,8.85748947368421,11.0357407894737,6.244011842105279
1955-01-31,-0.55271447368421,1.76172236842105,0.393885333333333,1.71916842105263,2.73853684210526,3.29125131578947
1955-02-28,3.73836315789474,3.78569868421053,4.17621333333333,5.76409210526316,5.28657894736842,1.5482157894736797
1955-03-31,0.982792105263158,0.0101289473684205,-0.715048000000001,0.492119736842105,0.184622368421053,-0.798169736842105
1955-04-29,3.32562894736842,2.7205052631579,3.08425066666667,0.654169736842106,3.26272368421053,-0.06290526315789036
1955-05-31,3.0487947368421,0.50458552631579,1.06929866666667,1.39271184210526,-0.0969921052631581,-3.1457868421052577
1955-06-30,3.46140789473684,3.29967631578947,4.04517066666667,4.50550789473684,5.05685921052631,1.5954513157894703
1955-07-29,0.255384415584415,-0.113138157894737,1.18560657894737,1.49192666666667,1.58305714285714,1.3276727272727251
1955-08-31,1.29450519480519,1.55975789473684,0.686338157894736,0.864493421052631,0.0393077922077918,-1.2551974025973982
1955-09-30,-0.91044935064935,-1.2576052631579,-1.197476,0.271361842105263,-0.957011538461538,-0.046562187812188016
1955-10-31,-2.31227142857143,-2.515464,-1.84860789473684,-1.60646842105263,-1.62130384615385,0.6909675824175798
1955-11-30,7.01638961038961,6.96185394736842,6.722525,5.33046184210526,4.48559871794872,-2.5307908924408906
1955-12-30,3.7174987012987,3.15047105263158,3.65332105263158,0.643432894736842,2.7073782051282,-1.0101204961705
1956-01-31,-4.02852987012987,-4.08678947368421,-3.04654078947368,-1.46356447368421,-2.06165512820513,1.96687474192474
1956-02-29,5.62673506493507,4.49843552631579,2.77280394736842,3.35382894736842,2.81750769230769,-2.80922737262738
1956-03-29,7.84791558441559,6.01989078947368,6.58095131578948,5.262875,5.34866538461538,-2.49925019980021
1956-04-30,1.70983636363636,1.45939868421053,1.3319802631579,1.41677236842105,-0.434414102564102,-2.1442504662004622
1956-05-31,-3.83087532467532,-4.34752894736842,-5.24999473684211,-5.10939210526316,-4.30615256410256,-0.47527723942724
1956-06-29,5.2305025974026,2.78254736842105,2.28789078947369,3.153588,1.54953974358974,-3.6809628538128596
1956-07-31,4.67511298701299,5.18264935064935,4.94022987012987,3.95166753246753,3.67153506493507,-1.0035779220779197
1956-08-31,-2.40704155844156,-2.64764935064935,-0.323418181818183,-1.59945844155844,-0.784273076923078,1.6227684815184822
1956-09-28,-6.20466623376623,-4.66178701298701,-3.50337272727273,-3.098,-2.18008846153846,4.0245777722277705
1956-10-31,0.744101298701299,0.427672727272728,1.82831818181818,0.487811688311689,0.478842307692307,-0.26525899100899203
1956-11-30,-0.847750649350649,0.197064935064935,1.79818571428571,0.270846753246753,1.89260897435897,2.740359623709619
1956-12-31,4.83777272727273,3.74262077922078,3.74708311688312,3.53872207792208,1.61210128205128,-3.22567144522145
1957-01-31,-3.34004155844156,-1.64492077922078,-1.50451948051948,-1.06306753246753,1.97241666666667,5.31245822510823
1957-02-28,-0.596444155844157,-1.84653766233766,-3.28007272727273,-3.40113506493506,-2.96227435897436,-2.3658302031302028
1957-03-29,3.09917922077922,2.23816103896104,2.11833947368421,2.11563896103896,2.68016153846154,-0.41901768231768033
1957-04-30,4.13623116883117,2.80931558441558,3.49846578947368,2.39304675324675,2.60887692307692,-1.5273542457542497
1957-05-31,4.18122077922078,1.84206623376623,1.5057447368421,2.60231428571429,2.09311428571429,-2.08810649350649
1957-06-28,1.04171558441558,-0.975936363636364,-0.543172368421052,-1.06434545454545,-0.80905974025974,-1.85077532467532
1957-07-31,0.759674683544303,-0.201216666666666,0.769393670886076,0.455966666666667,1.31111772151899,0.551443037974687
1957-08-30,-5.81245696202532,-5.46429743589744,-4.96287974683544,-4.92595641025641,-4.13221392405063,1.68024303797469
1957-09-30,-6.0099253164557,-5.86918205128205,-4.92834430379747,-4.23129871794872,-3.96746075949367,2.0424645569620297
1957-10-31,-5.80760632911392,-3.91127564102564,-5.6619253164557,-5.27153205128205,-6.00910253164557,-0.2014962025316498
1957-11-29,4.72496075949367,4.62830641025641,2.60913797468354,2.07074230769231,1.42645063291139,-3.29851012658228
1957-12-31,-4.35087341772152,-4.06833076923077,-4.54683924050633,-5.49654871794872,-4.01209240506329,0.33878101265823
1958-01-31,5.34721392405063,6.47618461538461,9.43076582278481,11.3455717948718,12.4078772151899,7.060663291139271
1958-02-28,-1.41914430379747,-0.977900000000001,-1.44521265822785,-0.231937179487179,-0.585316455696203,0.833827848101267
1958-03-31,4.70096708860759,4.21810128205128,4.04533797468355,3.70933205128205,4.42524810126582,-0.27571898734177047
1958-04-30,2.72944556962025,2.09590897435897,1.43582784810127,1.74230897435897,3.35306708860759,0.6236215189873398
1958-05-29,3.21279113924051,3.28192051282051,3.53088227848101,3.43845128205128,3.38176455696202,0.1689734177215101
1958-06-30,2.71333924050633,2.39992948717949,3.51668987341772,1.90565,2.80358481012658,0.09024556962024999
1958-07-31,5.45207625,5.08309746835443,5.595455,5.23550379746835,6.50056,1.04848375
1958-08-29,3.68186,3.00884683544304,3.0745675,3.53926582278481,4.39523625,0.71337625
1958-09-30,4.69256125,4.94489113924051,3.70434375,4.67314810126582,9.3665025,4.6739412499999995
1958-10-31,3.34051,3.99855949367089,3.51514875,1.33649493670886,4.36878987341772,1.0282798734177199
1958-11-28,5.5320925,4.3571417721519,4.43681875,5.5278,3.4215525,-2.11054
1958-12-31,4.3324725,4.28067088607595,4.477895,2.67156455696203,6.18511375,1.8526412500000005
1959-01-30,0.464378481012658,1.11760506329114,3.65057,4.37348987341772,7.43792,6.973541518987342
1959-02-27,3.64177341772152,3.00485443037975,3.54814375,4.05202658227848,3.0293025,-0.6124709177215202
1959-03-31,0.96460506329114,0.368527848101266,1.2283925,0.22123417721519,3.373745,2.40913993670886
1959-04-30,5.01486582278481,3.9118835443038,2.8786375,2.44489113924051,1.76345625,-3.2514095727848105
1959-05-29,1.02651518987342,1.39688481012658,2.34054375,1.27963670886076,2.3737275,1.3472123101265803
1959-06-30,1.84703417721519,1.56786329113924,0.819838750000001,0.0292177215189881,1.524765,-0.32226917721519
1959-07-31,3.26210864197531,2.05815061728395,2.78671625,3.23922222222222,4.29021111111111,1.0281024691358
1959-08-31,-2.28782839506173,-2.25702592592592,-1.76578125,-2.36692098765432,-1.28952469135803,0.9983037037037001
1959-09-30,-5.04038518518519,-4.59411358024691,-4.2926975,-3.66796049382716,-4.44038641975309,0.5999987654321002
1959-10-30,3.4643037037037,2.75851604938272,3.293345,2.41116543209877,1.31046172839506,-2.15384197530864
1959-11-30,3.06567037037037,1.57974320987654,2.53513,1.08868024691358,2.64021481481482,-0.4254555555555499
1959-12-31,3.13666296296296,2.16660864197531,1.51446625,3.04585925925926,2.38905679012346,-0.7476061728394998
1960-01-29,-7.02087407407407,-5.28523086419753,-6.78647875,-5.45768395061728,-3.86972345679012,3.1511506172839496
1960-02-29,2.54525555555555,1.01581111111111,1.280855,-0.384306172839507,3.48833703703704,0.9430814814814901
1960-03-31,-0.192883950617283,-1.74222469135803,-3.60819875,-3.42122962962963,-3.52153209876543,-3.3286481481481474
1960-04-29,-0.433796296296296,-1.75760740740741,-1.99233375,-2.47610740740741,-1.08214814814815,-0.6483518518518541
1960-05-31,6.49495679012346,3.7807675,2.95178875,2.2937,2.20925185185185,-4.285704938271611
1960-06-30,1.27766790123457,2.01149,1.53054875,1.63628271604938,2.47620740740741,1.19853950617284
1960-07-29,-4.91593209876543,-3.06539024390244,-1.11009012345679,-1.79592195121951,-2.26060853658537,2.6553235621800604
1960-08-31,2.1330037037037,2.03911951219512,2.75282839506173,4.76155975609756,3.41377926829268,1.2807755645889798
1960-09-30,-6.68409390243903,-6.20231097560975,-5.37666419753086,-5.11201829268293,-6.29007682926829,0.3940170731707404
1960-10-31,-2.16155,-1.01842317073171,-1.60704197530864,-2.83918048780488,-2.67835731707317,-0.51680731707317
1960-11-30,7.39339268292683,5.77428536585366,5.44580617283951,5.54120487804878,3.0502487804878,-4.34314390243903
1960-12-30,5.28781829268293,4.55528658536586,4.77896049382716,3.8847987804878,3.26738780487805,-2.02043048780488
1961-01-31,5.59849512195122,6.82426296296296,7.03408765432099,9.01295,10.7694707317073,5.17097560975608
1961-02-28,4.89783414634146,5.60410864197531,6.01467654320987,5.8505487804878,7.06543292682927,2.1675987804878094
1961-03-30,3.17522195121951,5.25954814814815,4.0915049382716,5.04310975609756,4.79675609756098,1.62153414634147
1961-04-28,-0.782889024390245,-0.6606,0.0542209876543219,-0.104396341463415,2.00350487804878,2.7863939024390247
1961-05-31,5.43381097560975,3.37914814814815,4.44913209876543,6.51743292682927,3.74460121951219,-1.6892097560975596
1961-06-30,-3.12308271604938,-3.50680864197531,-2.97627875,-5.09890853658536,-3.63394320987654,-0.5108604938271601
1961-07-31,1.12988,2.17024468085106,2.50788421052632,1.72592234042553,1.07628315789474,-0.053596842105259945
1961-08-31,3.52968315789473,2.25654893617021,2.51312526315789,1.47387765957447,1.33500736842105,-2.1946757894736804
1961-09-29,-2.90677894736842,-3.88136595744681,-3.60774210526316,-2.51802043010753,-4.2975452631579,-1.3907663157894805
1961-10-31,2.11780210526316,1.96573510638298,2.71531578947368,1.94574526315789,-0.324803157894737,-2.442605263157897
1961-11-30,4.38180631578948,5.0127085106383,4.90190421052632,5.00882210526316,5.76648105263158,1.3846747368420997
1961-12-29,-1.34292947368421,0.100403191489362,-0.474911578947369,1.47211157894737,1.8235252631579,3.16645473684211
1962-01-31,-5.81071368421052,-1.89204787234043,-0.857813684210527,-0.596984210526316,2.52011368421053,8.33082736842105
1962-02-28,0.247036842105264,1.32279680851064,1.15443157894737,1.56508421052632,3.18235578947369,2.935318947368426
1962-03-30,-0.764312631578948,-0.246921276595745,-0.350808421052632,-0.23747052631579,-0.160151063829787,0.604161567749161
1962-04-30,-8.36721368421052,-7.21267553191489,-8.13252210526316,-7.57534361702128,-7.22364105263158,1.143572631578941
1962-05-31,-10.3718926315789,-8.45011382978723,-8.17423684210527,-8.53125638297872,-9.85915578947368,0.5127368421052196
1962-06-29,-11.1677915789474,-8.00294680851064,-8.02242842105263,-7.33880106382979,-6.83506210526316,4.33272947368424
1962-07-31,7.8179610619469,6.06295575221239,4.91008771929825,4.45263839285714,6.63561946902655,-1.1823415929203502
1962-08-31,1.23837368421053,2.75514690265487,1.44455789473684,2.48884159292035,2.89792807017544,1.65955438596491
1962-09-28,-6.17656842105263,-4.8995017699115,-5.69314561403509,-6.31515486725664,-5.86742719298246,0.3091412280701693
1962-10-31,-2.18327894736842,-1.72142566371681,-0.719286842105263,-2.20991769911504,-2.0789298245614,0.10434912280702013
1962-11-30,13.9951271929825,12.4478625,11.8579421052632,13.5525300884956,11.8819912280702,-2.113135964912299
1962-12-31,0.00755964912280713,1.55153628318584,0.331777192982456,-1.67667610619469,-0.740257894736842,-0.7478175438596492
1963-01-31,5.94028245614035,6.7025778761062,5.78469649122807,8.86798849557522,9.88154298245614,3.941260526315789
1963-02-28,-2.72327345132743,-1.25405132743363,-1.73499385964912,-1.44397433628319,-0.214542982456141,2.508730468871289
1963-03-29,1.88053008849558,1.95890714285714,2.20439912280702,2.89931504424779,1.85730789473684,-0.023222193758740017
1963-04-30,3.62283539823009,3.93235982142857,3.2513298245614,5.08469115044248,3.69536754385965,0.07253214562955979
1963-05-31,1.43726725663717,1.57045535714286,3.08871929824561,2.8077017699115,4.96955175438597,3.5322844977487997
1963-06-28,-0.764459292035398,-0.800716071428572,-2.5489,-1.91249292035398,-2.03135575221239,-1.266896460176992
1963-07-31,0.446531428571428,-0.641488,-1.35587528735632,-1.03662857142857,-1.50140228571429,-1.947933714285718
1963-08-30,6.162664,4.78272457142857,4.02143657142857,4.749388,5.07515485714285,-1.08750914285715
1963-09-30,-2.58115942857143,-1.85228914285714,-1.64750914285714,-0.533094857142857,-1.58817657142857,0.9929828571428598
1963-10-31,2.3200183908046,1.24146171428572,0.916110285714285,2.34169655172414,1.98453771428571,-0.33548067651889
1963-11-29,-1.06794571428571,-1.50607011494253,-1.26111954022988,-0.07192,-0.454608,0.61333771428571
1963-12-31,1.3353063583815,1.41121085714286,1.15672457142857,0.643570689655172,-0.0799251428571425,-1.4152315012386425
1964-01-31,1.612232,1.34655798816568,2.00093846153846,3.07886666666667,4.3688,2.756568
1964-02-28,0.822763690476191,1.55945269461078,2.77888666666667,3.13424814814815,2.74795548780488,1.9251917973286892
1964-03-31,0.265682208588957,1.74698121212121,4.86152760736196,4.25053913043478,5.78219303797469,5.516510829385734
1964-04-30,-0.985896226415094,0.49908280254777,-0.577548701298702,0.124595454545455,-0.111024025974027,0.874872200441067
1964-05-28,1.85349299363057,0.939597419354838,0.718674666666666,1.19749210526316,1.382575,-0.47091799363056985
1964-06-30,1.50170130718954,1.52390451612903,1.54500067567567,0.97328552631579,1.62967112676056,0.12796981957101994
1964-07-31,3.09052803738318,2.54793396226415,2.465,3.05291962616822,1.61963364485981,-1.47089439252337
1964-08-31,-0.619483653846154,-0.0853533333333336,-0.157185436893204,-0.409898076923077,-0.949558252427184,-0.33007459858102994
1964-09-30,3.24411067961165,3.60890761904762,3.351263,2.653918,2.7734603960396,-0.4706502835720503
1964-10-30,1.98618350515464,1.95375904761905,1.29398775510204,2.3914693877551,2.86461530612245,0.8784318009678103
1964-11-30,1.08877578947368,1.11356923076923,0.388517894736842,-0.0576540816326535,-1.42300618556701,-2.51178197504069
1964-12-31,1.25470526315789,0.563893203883496,0.756037234042553,-1.61785463917526,-0.902015625,-2.1567208881578903
1965-01-29,7.36705368421053,4.81593047619047,4.60078829787234,6.25941237113402,7.87656666666667,0.5095129824561395
1965-02-26,2.46876907216495,2.51378952380952,3.12783333333333,4.01686734693878,3.72167916666667,1.2529100945017202
1965-03-31,-0.34608144329897,-0.631829523809523,0.0569354166666667,1.38758673469388,0.957848958333333,1.303930401632303
1965-04-30,2.40264591836735,2.92104666666667,3.56918020833333,4.45877755102041,5.61273645833333,3.2100905399659805
1965-05-28,-0.955125510204081,-0.0250000000000006,-0.136489583333333,-0.301782474226804,-0.0543781249999999,0.900747385204081
1965-06-30,-6.71198571428571,-6.00855238095238,-6.59163333333333,-7.69191224489796,-8.35521875,-1.6432330357142906
1965-07-30,2.38298532110092,1.32420366972477,2.67472293577982,3.42642201834862,3.91799174311927,1.5350064220183497
1965-08-31,4.04862882882883,3.1820247706422,4.55588623853211,3.76447545454545,4.40629633027523,0.35766750144639925
1965-09-30,2.85775225225225,3.45843394495413,3.3014119266055,3.36391272727273,5.04088440366972,2.18313215141747
1965-10-29,3.57009090909091,3.00523577981651,3.38182935779816,4.09578288288288,6.42425185185185,2.8541609427609402
1965-11-30,2.28312110091743,1.20914259259259,2.50482385321101,3.57462702702703,3.72152777777778,1.43840667686035
1965-12-31,2.1776623853211,0.935090654205608,2.85703148148148,4.45379189189189,5.94305925925926,3.76539687393816
1966-01-31,2.78817339449541,1.40528532110092,1.7700962962963,4.21510982142857,6.83266909090909,4.04449569641368
1966-02-28,-0.143439639639639,-1.76127636363636,0.105707407407407,0.622369911504425,4.8945009009009,5.037940540540539
1966-03-31,0.23244954954955,-0.820625454545455,-1.58477981651376,-4.2875796460177,-1.46832792792793,-1.70077747747748
1966-04-29,3.15542321428571,1.59900990990991,2.51201545454545,4.75940170940171,4.79570982142857,1.6402866071428601
1966-05-31,-5.06480982142857,-4.221925,-6.89059272727273,-7.94091709401709,-9.99446666666666,-4.929656845238091
1966-06-30,-1.48855,-1.86702678571429,0.215278899082567,0.686403418803418,0.31850701754386,1.80705701754386
1966-07-29,-1.7308115942029,-1.29279492753623,-1.60390362318841,-0.739609420289855,-1.29983260869565,0.4309789855072501
1966-08-31,-9.43343260869565,-10.3783,-9.70916423357664,-8.90518695652174,-10.3467289855073,-0.9132963768116493
1966-09-30,-1.61643188405797,-0.978819565217391,-1.18975507246377,-1.63002173913044,-1.20289568345324,0.41353620060472984
1966-10-31,0.966181560283688,2.99103284671533,1.81988705035971,1.49473550724638,0.559405035971222,-0.4067765243124659
1966-11-30,7.39070699300699,3.72245766423358,2.64554388489209,2.58997536231884,2.90565467625899,-4.485052316748
1966-12-30,1.60038391608392,1.55384525547445,1.323485,1.87535251798561,1.25391357142857,-0.34647034465534987
1967-01-31,12.6522957446809,12.2470623188406,15.2286057142857,15.6972070422535,16.539204964539,3.886909219858099
1967-02-28,3.54859436619718,1.15919416058394,1.54430070921986,1.19726408450704,3.74493971631206,0.19634535011487975
1967-03-31,5.8170323943662,5.76718613138686,4.36158510638298,6.02735774647887,5.84174475524476,0.02471236087855999
1967-04-28,5.09015211267605,2.15926503496504,3.47298993006993,4.93380689655172,5.33649305555556,0.24634094287951047
1967-05-31,-2.42416503496504,-2.14804305555556,-2.32785277777778,-1.52441917808219,-1.8755387755102,0.5486262594548401
1967-06-30,4.32201849315068,3.37840833333333,5.40530684931506,7.14545,8.24574934210526,3.9237308489545795
1967-07-31,6.3103429787234,6.55927811158798,7.50479829059829,8.37523376068376,10.808845106383,4.4985021276596
1967-08-31,-1.0462686440678,-0.656486554621849,0.201150210970464,0.542356962025316,1.86204201680672,2.9083106608745197
1967-09-29,5.84773080168776,4.57343640167364,4.91158823529412,5.24296820083682,6.01618235294118,0.16845155125341993
1967-10-31,-1.86503430962343,-2.86183833333333,-2.69225833333333,-2.6050132780083,-2.45700375,-0.5919694403765701
1967-11-30,1.10562384937238,1.30552541666667,0.471622314049586,-0.716134439834025,-0.879732083333333,-1.9853559327057129
1967-12-29,7.4834150627615,6.06367322175732,6.42506157024793,7.39584149377593,8.8278887966805,1.344473733919001
1968-01-31,-3.36345708333334,-0.823102083333333,1.62840647773279,2.72996970954357,5.4230024691358,8.78645955246914
1968-02-29,-6.54061286307054,-4.83838553719008,-4.34598097165992,-4.4352611570248,-4.92767172131148,1.6129411417590598
1968-03-29,0.0421506172839506,-1.39199173553719,-1.22479190283401,-0.486014814814815,-0.704345714285714,-0.7464963315696647
1968-04-30,15.1580290983607,11.9257483606557,12.0793892857143,13.0417663934426,14.292781300813,-0.8652477975477009
1968-05-31,8.08618065843621,5.83660245901639,7.35177579365079,7.21512510288066,9.20763902439024,1.1214583659540303
1968-06-28,-0.755677777777777,1.7997868852459,3.05634404761905,1.73775614754099,2.55595365853659,3.311631436314367
1968-07-30,-5.8267714801444,-4.50256389891697,-3.21646304347826,-1.39423646209386,-0.0917317689530684,5.735039711191331
1968-08-30,1.83216064981949,2.72019061371841,2.91258483754513,4.11455071942446,5.10578876811594,3.2736281182964504
1968-09-30,6.71045776173286,6.4300797833935,6.0088518115942,6.19302158273381,8.36377753623188,1.6533197744990193
1968-10-31,-1.07710180505415,1.05785812274368,1.63884028776978,1.78639424460432,1.18294420289855,2.2600460079527
1968-11-29,7.88631371841155,7.38653646209386,7.82871827956989,6.88881187050359,6.63628007246377,-1.2500336459477799
1968-12-31,0.790264620938629,-1.16559277978339,-1.46584301075269,0.0208442446043165,0.440961956521739,-0.34930266441689006
1969-01-31,-1.409928,-1.08082671480144,-0.142435000000001,-0.632945323741007,-0.736411636363636,0.673516363636364
1969-02-28,-9.73706618181819,-8.53369566787004,-7.78061971326165,-6.96225395683453,-7.45406145454545,2.283004727272739
1969-03-28,2.46209456521739,1.19600217391304,2.04290107142857,2.65708489208633,2.77474909090909,0.31265452569170016
1969-04-30,0.42480690909091,1.33930869565217,0.791489605734767,0.500753429602889,0.82771094890511,0.4029040398142
1969-05-29,-0.347106545454545,-0.366851624548736,0.755996428571428,1.04392418772563,0.59582169117647,0.942928236631015
1969-06-30,-11.4423861818182,-10.6736772563177,-10.39901,-9.82574712230216,-10.7572966789668,0.685089502851401
1969-07-31,-10.4492116883117,-9.6989697068404,-8.96693733766234,-8.08354885993485,-7.90505407166124,2.544157616650459
1969-08-29,6.90866233766234,6.1073312703583,4.46879772727273,3.48789511400651,3.30802838709677,-3.6006339505655705
1969-09-30,-1.26574058441558,-2.16356156351791,-3.07916818181818,-2.76128360655738,-3.05587548387097,-1.7901348994553898
1969-10-31,11.87921197411,10.2451833876222,9.31525374592834,7.50611241830066,7.24015838709678,-4.63905358701322
1969-11-28,-6.00856623376623,-5.3375797385621,-5.27069772727272,-5.20950261437908,-5.41606903225807,0.5924972015081593
1969-12-31,-6.71519837662338,-6.29426797385621,-5.43168928571429,-5.67201563517916,-6.48188141025641,0.23331696636696986
1970-01-30,-6.0371114379085,-5.24744276315789,-4.19977727272727,-3.90687352941177,-2.16296185897436,3.87414957893414
1970-02-27,3.66419675324676,3.4394668852459,4.74705584415584,5.42211797385621,5.42612379421222,1.76192704096546
1970-03-31,-5.35373701298701,-3.23113848684211,-0.943357792207792,0.0735143790849672,0.231692307692308,5.585429320679318
1970-04-30,-20.9715149837134,-16.6014470394737,-14.7406883116883,-11.5646516339869,-11.6714621794872,9.300052804226201
1970-05-29,-9.62273725490196,-9.51052138157895,-9.14846310679612,-7.66215882352942,-8.5431048076923,1.0796324472096597
1970-06-30,-10.2465120915033,-7.37228491803279,-7.97068220064725,-6.17891573770492,-6.13017051282052,4.11634157868278
1970-07-31,5.52011618497109,5.58085346820809,5.84421358381503,6.95521242774566,6.18307341040463,0.6629572254335399
1970-08-31,5.95800317919075,6.85012052023121,6.89157456647398,6.19178236994219,5.73156426512968,-0.2264389140610703
1970-09-30,18.0790005813954,15.1404843930636,10.370339017341,7.6568,10.4119701149425,-7.667030466452898
1970-10-30,-6.90778367346939,-7.62084132947977,-6.11382658959537,-4.68992074927954,-4.97539713467049,1.9323865387988999
1970-11-30,0.264286880466472,0.00532109826589575,0.940860115606937,2.89833323699422,0.205979369627507,-0.05830751083896499
1970-12-31,6.51892244897959,7.56027052023121,9.31963930635838,9.5810401734104,10.0150100286533,3.49608757967371
1971-01-29,11.8000241982507,14.1002846820809,13.202084057971,12.089160982659,14.776487965616,2.976463767365301
1971-02-26,6.33302706104651,4.53243121387283,3.73548898550725,3.13828764367816,3.39883371428571,-2.9341933467607997
1971-03-31,7.14109475218659,7.04764971098265,5.82816289855072,3.99104281609195,5.13122457142857,-2.0098701807580204
1971-04-30,2.20589565217391,3.30104178674352,1.90196271676301,3.22218956521739,3.21817771428571,1.0122820621118
1971-05-28,-4.804775,-4.67341300578035,-5.48222427745664,-4.3983176300578,-5.47333409742121,-0.6685590974212099
1971-06-30,-0.588822448979592,-1.41612312138728,-1.74879190751445,-1.14649219653179,-2.65776045845272,-2.068938009473128
1971-07-30,-6.38694651162791,-6.00705621761658,-5.50618940568476,-5.19240051813471,-5.43312238562383,0.9538241260040801
1971-08-31,4.41465336787565,4.54756340206185,2.82082875647668,4.99234289405685,5.74688441558442,1.3322310477087695
1971-09-30,0.367326424870467,-0.753749357326478,-0.660553886010363,-0.883437467700259,-1.84252571428571,-2.209852139156177
1971-10-29,-6.36705595854922,-5.81718020565552,-4.76751502590673,-5.33433753213368,-6.72984557291666,-0.36278961436743984
1971-11-30,-2.32038753246753,-2.85380362978817,-2.55199507772021,-2.94633316195373,-4.50884751958225,-2.1884599871147206
1971-12-31,13.2650080729167,12.3530649484536,10.8902079903169,11.4088619537275,12.4892545888534,-0.7757534840632996
1972-01-31,8.64503948051949,8.74700930232558,7.6654624671916,10.2961082262211,14.3891765171504,5.74413703663091
1972-02-29,5.84415584415585,4.16504415584415,2.99910839895013,3.63316340206186,4.27902427440633,-1.5651315697495196
1972-03-30,0.635117447916667,-0.0424350649350647,-0.0179063324538257,-0.345919121447028,0.0625421750663126,-0.5725752728503544
1972-04-28,0.506023622047244,-0.0501599999999995,-0.401695250659631,1.14433255813953,0.346140159574468,-0.15988346247277607
1972-05-31,-0.293685263157894,-2.17638746736293,-2.47330263157895,-1.62776744186047,-2.88689547872341,-2.5932102155655157
1972-06-30,-2.74538215223097,-3.61335052631579,-3.15590842105263,-3.58562668393782,-3.46612952127659,-0.7207473690456201
1972-07-31,-3.96480634146342,-3.90989459459459,-2.45811466992665,-2.40405158924205,-2.05630929095355,1.9084970505098702
1972-08-31,-0.0900044009779948,0.329922604422604,1.67603284313726,2.91439364303179,2.44000513447433,2.530009535452325
1972-09-29,-3.1442190650147,-3.59684655172414,-2.82625931372549,-3.04847237163814,-3.14382580645161,0.00039325856308991547
1972-10-31,-1.86371891891892,-1.89066501387259,-1.12220317848411,-0.389867481662592,-1.98800421836228,-0.12428529944335986
1972-11-30,3.48854802955666,5.01146995073892,5.81379511002445,6.15849144254278,5.87034813895782,2.3818001094011603
1972-12-29,-0.488907142857143,-2.53756740740741,-2.62507555012225,-2.11301589242054,-2.21291347947761,-1.724006336620467
1973-01-31,-6.85113787128712,-5.49079776674938,-3.72095490196078,-2.33192009803922,-1.67171097256858,5.179426898718541
1973-02-28,-9.02084789081885,-7.94914579207921,-7.70537083333333,-5.89362009803922,-5.1530335839599,3.86781430685895
1973-03-30,-4.33910897755611,-2.95440725,-2.62353808353808,-1.83444754901961,-0.80370725,3.5354017275561103
1973-04-30,-10.3480854616639,-8.4102405,-6.62603589108912,-4.44477297297298,-4.51643558897243,5.831649872691469
1973-05-31,-8.43083365982587,-8.62875062656641,-7.6398523573201,-7.02067764127764,-8.34309974874372,0.08773391108215023
1973-06-29,-4.11411378446115,-3.71413888888889,-4.294816,-1.9714302955665,-1.81328888888889,2.30082489557226
1973-07-31,17.5041958810069,13.5109569124424,12.2443308924485,9.7020497706422,10.0930754587156,-7.411120422291301
1973-08-31,-5.53546842105263,-4.90098643678161,-5.54954736842106,-4.46839423963134,-3.28367385321101,2.25179456784162
1973-09-28,10.0796346420323,10.1627627586207,10.5148553775744,7.95459308755761,7.07336278538812,-3.0062718566441795
1973-10-31,-2.70294447004608,-0.293609930715936,0.853188558352403,-0.13266558891455,2.16271852305034,4.86566299309642
1973-11-30,-20.7383043778802,-20.2516762790698,-18.6164402745996,-15.6309524249423,-17.7810792626728,2.9572251152074003
1973-12-31,-3.99157241617737,-3.0813648018648,-1.84716347031963,-2.62886143187067,-3.54507609195402,0.44649632422335017
1974-01-31,10.2195563805104,12.2481144859813,13.1772034246575,13.972287037037,19.5277926267281,9.3082362462177
1974-02-28,-2.11805817757009,0.573361502347418,1.18576086956522,1.24176495327103,2.58281712962963,4.70087530719972
1974-03-29,0.654280841121495,-0.690632522970587,-1.23199055299539,0.201314988290398,1.84254802784223,1.188267186720735
1974-04-30,-6.78735747663551,-6.61450827423168,-5.24542678983834,-5.03451007025761,-3.61456056338028,3.1727969132552296
1974-05-31,-6.63900023310023,-7.28898404761904,-6.847503926097,-8.0900384003566,-7.42927985948478,-0.7902796263845504
1974-06-28,-3.23537079439252,-3.78687785714286,-2.75132540415704,-3.40470236966825,-0.532632705882353,2.702738088510167
1974-07-31,-8.20598663697105,-5.18925751538031,-3.36717942758817,-3.39964454342985,-3.06917466666666,5.1368119703043895
1974-08-30,-9.98046592427616,-8.85891004464285,-6.94512684563759,-7.75636080178174,-7.2371024663677,2.74336345790846
1974-09-30,-12.4963228187919,-8.17035033557047,-6.47183400900901,-7.48201029082775,-7.38102162162161,5.1153011971702895
1974-10-31,17.9140069662921,10.5893729306488,8.91649279279279,8.32623727991319,9.04333506787331,-8.87067189841879
1974-11-29,-4.21743913557528,-4.03104910313902,-3.43480022573364,-6.40441873589165,-6.52642346241458,-2.3089843268393
1974-12-31,-7.35680650224215,-6.88124461883408,-6.17626772009029,-7.43694717832957,-10.5246309794989,-3.16782447725675
1975-01-31,26.0702108108108,30.5402502252252,29.7906130630631,33.3461736961451,39.0629728310502,12.992762020239404
1975-02-28,7.46294195011338,4.12291286681716,3.64389887133183,3.99965419501134,4.83419034482759,-2.6287516052857898
1975-03-31,8.50589295454546,9.70623136363637,8.35546862302483,8.62439477272727,9.91032804597701,1.4044350914315498
1975-04-30,6.07544363636364,3.12585583524027,2.2695683972912,3.76877858769932,1.64849078341014,-4.4269528529535
1975-05-30,7.94263143507972,8.5507263761468,6.82634761904762,6.25226671624714,6.82335763888889,-1.1192737961908303
1975-06-30,8.46631826484018,8.71562055427252,9.44676485260771,7.65373579676674,7.6692306451613,-0.7970876196788792
1975-07-31,-5.11414269911505,-2.3018711751663,-2.01911022222222,-1.34062422222222,0.542511555555556,5.656654254670606
1975-08-29,-4.89548425720621,-4.67623518930958,-4.02232700892857,-4.62726066666666,-7.90982316258352,-3.0143389053773104
1975-09-30,-4.74406302895323,-3.21211521252796,-3.35260334821429,-3.19518824833703,-4.16334866071428,0.58071436823895
1975-10-31,3.26201488888889,2.77287914798206,2.65033520179372,2.44362793791574,0.615297550111358,-2.646717338777532
1975-11-28,2.27722755555555,3.00019977578476,3.52898478747204,3.032062,2.78146205357143,0.5042344980158799
1975-12-31,-1.33349844097996,-1.56442058823529,-0.0659627232142858,-1.42875472769778,-0.351347522522523,0.982150918457437
1976-01-30,16.2379741496599,18.6837195402299,21.594566743649,24.633741299304,30.3228745192308,14.0849003695709
1976-02-27,5.03919910514542,8.41069353220995,10.1840466216216,13.1352395973154,22.7320880630631,17.692888957917678
1976-03-31,1.8708927765237,0.738765437788019,1.08735240274599,0.89974862385321,0.34511154734411,-1.52578122917959
1976-04-30,-3.07977747747748,-2.18705205479452,-1.28815917306968,-1.40930632054176,-2.45881073059361,0.62096674688387
1976-05-28,-1.33354874715262,-2.01818123569794,-2.03842290249433,-2.75440203619909,-4.25860896551724,-2.92506021836462
1976-06-30,4.47219862700229,4.1546409610984,4.15922,3.92175623582767,3.23511728110599,-1.2370813458963
1976-07-30,-1.79666196868009,-0.460210313901346,0.203581123595505,0.0121083333333328,0.409021252796421,2.205683221476511
1976-08-31,-2.20154275700935,-0.845799513381995,-1.0817687804878,-2.2901552356021,-2.7071273480663,-0.5055845910569499
1976-09-30,2.67711569506726,2.67132636612867,2.30387881548975,1.75834230769231,0.850492342342343,-1.826623352724917
1976-10-29,-3.46442112359551,-2.45567368421052,-2.01584738041002,-2.0040878440367,-3.53851705069124,-0.07409592709572976
1976-11-30,2.27709147982063,2.78244022727273,2.97812170975057,2.59659545454546,2.08317130681818,-0.19392017300245
1976-12-31,7.94895807174887,9.48873295454546,9.55371723356009,10.6086152272727,11.9031662870159,3.9542082152670295
1977-01-31,-1.30547972665148,2.52016471330275,1.87833663566728,4.02449770114942,6.99109091952941,8.29657064618089
1977-02-28,-1.88697239819004,-1.9317742183908,-0.989136674259682,-0.916789449541284,-0.0724180138568127,1.8145543843332272
1977-03-31,-0.61533537414966,0.264390762124711,0.570986498855835,0.482216359447005,0.543412962962963,1.158748337112623
1977-04-29,-0.154258503401361,1.71989701149425,1.77834862385321,1.87249608294931,1.56465846867749,1.718916972078851
1977-05-31,-1.21722895927602,0.0523743648960738,0.0236595402298852,-0.182950925925927,0.476644859813084,1.693873819089104
1977-06-30,7.37599502262443,6.60976596736597,6.4397416091954,5.71068349293819,7.53037985948479,0.15438483686035998
1977-07-29,-1.45184561797753,-1.16018235678135,-0.553426576576576,-0.0870426008968609,0.400904751131221,1.852750369108751
1977-08-31,-0.638174829931972,-1.94269270884876,-1.98693617977528,-1.72159397321428,-2.18842488687783,-1.5502500569458582
1977-09-30,0.744101133786848,0.93664497716895,0.76324572072072,0.849994379194631,0.612073099315068,-0.1320280344717799
1977-10-31,-3.76195606407323,-3.21394533029613,-3.09724524886878,-1.34913063063063,-3.28045990675991,0.4814961573133201
1977-11-30,7.40351513761468,7.70751614538532,6.8690768018018,8.93421851015801,9.30530186920233,1.9017867315876495
1977-12-30,1.59309977011494,0.525974972443548,1.25668031674208,0.899737104072398,1.21616471962617,-0.3769350504887701
1978-01-31,-4.75610532407408,-3.70572748267898,-2.77709362186788,-1.20871073059361,0.661711985398585,5.417817309472666
1978-02-28,0.0797731308411218,0.74848283062645,1.9710630733945,2.76055450704954,2.62992269503546,2.550149564194338
1978-03-31,6.01372723004695,6.89782867132867,6.39846461555495,6.98113310185185,9.32872612826603,3.3149988982190806
1978-04-28,9.5336323943662,7.92584748625058,7.07270576036866,7.47393550925926,9.28055841346154,-0.2530739809046594
1978-05-31,5.11801788235294,5.18584112149532,5.57617678919445,6.44749303944316,8.4972985645933,3.3792806822403607
1978-06-30,-1.07047234042553,-0.584262500000001,0.159959953161593,0.0165906542056075,-0.225348557692308,0.8451237827332221
1978-07-31,7.02244976851851,5.4511807424594,5.17927855477856,5.2596849187935,5.09681455399061,-1.9256352145279
1978-08-31,8.34591689814815,7.43616463700235,7.46953053613053,9.56815707656613,10.1518317647059,1.8059148665577496
1978-09-29,-1.65595717647059,-1.11078605200945,-0.764979718785981,0.129113551401868,1.52446197183099,3.18041914830158
1978-10-31,-20.5380512880562,-18.1917490566038,-17.0111607195377,-19.9983438967136,-22.2138736470588,-1.675822359002602
1978-11-30,7.72544964871194,5.55151002386635,4.82726132075472,5.34255046728971,5.94861232227488,-1.77683732643706
1978-12-29,1.5509287735849,0.955129832935561,0.41245212264151,0.486420657276995,-1.60618094010523,-3.1571097136901303
1979-01-31,6.88917382075471,8.34228619047619,8.9092596199525,10.5425547169811,14.2429173076923,7.35374348693759
1979-02-28,-3.72851962174941,-2.56305552884615,-2.65677783164576,-2.34449787234042,-2.46787457627119,1.26064504547822
1979-03-30,10.0757862232779,8.42431710843374,8.07424371980676,8.91213317422435,9.39904365853658,-0.6767425647413194
1979-04-30,1.79059619952494,1.37347262352434,1.97459154094915,2.98440674698795,3.24121951219512,1.4506233126701802
1979-05-31,-1.70521638954869,-1.52554101941748,-0.935744902912621,-1.22022048192771,-0.205076693349754,1.500139696198936
1979-06-29,5.13628942394001,5.9103858190709,6.16538459657702,5.20110385542169,4.25732419753087,-0.8789652264091394
1979-07-31,1.74472090261283,2.6750154028436,2.15332269503546,3.25151343284526,2.55494917257683,0.8102282699639998
1979-08-31,9.32570429594272,8.5914650831354,6.98903957345972,7.36105970873786,7.91999223529411,-1.405712060648609
1979-09-28,0.0274536817102135,-0.111974346793349,-1.74055142857143,-0.870038048780488,-1.09112840095465,-1.1185820826648636
1979-10-31,-8.99359954200957,-9.83110095465394,-8.93459256594724,-10.4163245098039,-11.3148213429257,-2.321221800916131
1979-11-30,9.73104412470024,8.89225894988067,6.61808072289156,5.76014852941176,4.28000146688425,-5.45104265781599
1979-12-31,7.27112771084337,6.00361650717704,4.45358795180723,4.55587371007371,4.81599371980676,-2.45513399103661
1980-01-31,7.25276543209876,8.25129706601467,8.59548921568628,8.98254292354372,12.4188284673388,5.1660630352400405
1980-02-29,-1.94104813895781,-2.22756064356436,-3.75360595533499,-4.00189333333334,-1.88425261845386,0.05679552050395009
1980-03-31,-15.5791482323232,-15.1303529850746,-13.542474563591,-14.4740007531923,-17.1405342279869,-1.5613859956637004
1980-04-30,5.29963928571429,5.41263175,6.73749065656566,7.25479342054263,3.23904492385787,-2.0605943618564204
1980-05-30,7.82227346938775,7.42841788413098,7.51688502538071,6.99281354166666,7.93891873417721,0.1166452647894598
1980-06-30,4.77676189258312,4.1932346835443,3.40226091370558,3.51544856396867,3.01441923076923,-1.7623426618138898
1980-07-31,12.993142394015,10.8127365,10.5817291770574,7.24292807017544,8.99884463840399,-3.9942977556110115
1980-08-29,7.28516791044777,5.31237318295739,5.8158215,3.29245887428715,6.3297052763819,-0.9554626340658698
1980-09-30,4.41933399503722,4.06212130325815,2.79717675,1.4459,3.56471113924051,-0.8546228557967095
1980-10-31,3.7670029776675,3.31302537688442,1.64885328282828,1.29945631313131,2.1721535982467,-1.5948493794208
1980-11-28,11.7011992537313,8.45728312342569,4.58231388888889,1.92986759493671,1.08481355498721,-10.61638569874409
1980-12-31,-3.69495813930348,-4.05526423173804,-0.85159797979798,-1.9107648989899,-2.61031079691517,1.08464734238831
1981-01-30,-3.72812679900744,-1.04414565756824,0.312098488664988,2.9940472361809,3.73015820512821,7.45828500413565
1981-02-27,0.417796268656716,1.96066169154229,1.75779095477387,1.17718430379747,2.45932404092071,2.041527772263994
1981-03-31,7.98732955665025,7.5847843283582,9.21545288220551,8.22835115306532,9.47288265306122,1.4855530964109693
1981-04-30,0.409879259259259,1.56658321223325,1.58223939393939,2.90238274111675,4.17359709838026,3.7637178391210013
1981-05-29,2.27060753768844,2.146964,2.67131607776633,2.37608320952208,3.85847766233766,1.58787012464922
1981-06-30,-3.82621804511278,-0.606172795969773,0.429409693877552,2.34181146088641,1.63496744186047,5.46118548697325
1981-07-31,-0.697502200488998,-2.52331670761671,-3.3519681372549,-2.07371642156863,-2.15903725490196,-1.4615350544129622
1981-08-31,-8.92734914425427,-7.75774688279302,-7.1759039408867,-5.51164121951219,-6.48009135802469,2.4472577862295806
1981-09-30,-10.2987633906634,-7.03448849219697,-6.63457881773399,-5.43621274509804,-6.91973292079207,3.3790304698713296
1981-10-30,10.6993958024691,7.24574376590331,7.08276527093596,6.11186271604938,5.91479925373134,-4.78459654873776
1981-11-30,2.04962574257426,4.02136393861892,3.08380891089109,3.77715714285714,1.88671532663317,-0.16291041594109013
1981-12-31,-2.6012603960396,-1.57944479392795,-1.26084049382716,-1.99287407407407,-2.08486838776382,0.5163920082757802
1982-01-29,-3.998493,-2.6955567357513,-2.85908877805486,-0.758973267326732,0.644135459183674,4.6426284591836735
1982-02-26,-8.31218229426435,-4.63422363636364,-3.07858994974874,-2.01904876237624,-1.20102750642674,7.111154787837609
1982-03-31,-2.8506505,-0.78994554973822,-0.463353670886076,1.00329731451429,1.50696374675648,4.35761424675648
1982-04-30,5.54974725,5.75111503957784,4.62064314720812,4.08778762626263,4.64966335078534,-0.9000838992146605
1982-05-28,-3.75890375,-3.77646312997347,-2.96422360406091,-2.62791852791878,-1.7515873015873,2.0073164484127
1982-06-30,-4.91677075,-1.93676631016043,-1.59944582278481,-0.685046173469389,-0.445411466666667,4.471359283333333
1982-07-30,-3.07368514859314,-1.85760073710074,-0.688032186732186,-1.34207524509804,-0.588411358024692,2.485273790568448
1982-08-31,10.4258260709845,9.91276507429778,10.0476232273839,9.94632727408867,6.07593209876543,-4.34989397221907
1982-09-30,-0.0880540740740748,2.38669553349876,3.2685068627451,2.51133052109181,4.40801757425743,4.496071648331505
1982-10-29,17.4736575682382,14.6744200992556,12.7357024813896,12.7167076923077,13.103898,-4.3697595682382
1982-11-30,6.90874266200597,8.41130868486352,8.86710495049505,8.02943965087282,12.13301875,5.2242760879940295
1982-12-31,1.17093591022444,1.48085286783042,1.7457150990099,2.34516215538847,1.43715,0.2662140897755598
1983-01-31,8.14696909547739,6.6705817721519,5.76676466165413,5.93906609920001,9.31979773299748,1.172828637520091
1983-02-28,2.66444419191919,4.3538193877551,6.61786262626263,5.34200277078086,8.23933265822786,5.574888466308671
1983-03-31,2.85269669211196,4.38411358974359,5.10239567430025,5.49928639798489,7.05472131979695,4.20202462768499
1983-04-29,5.76318174807198,7.00408782383419,7.81028852040817,6.85102921914358,8.30900255754475,2.5458208094727697
1983-05-31,10.1644363171356,6.87730961038961,6.84740510204082,5.87821183879093,7.52468714652956,-2.6397491706060396
1983-06-30,4.99438431876606,4.52556424870466,4.32535268542199,1.65508914141414,4.62875025906736,-0.3656340596987002
1983-07-29,-5.58702725,-3.1869795,-0.684329573649876,-0.519366832917705,-0.2777155,5.30931175
1983-08-31,-2.86102875,-2.85291695760599,-0.94905904051925,-1.65810316844987,-1.80652323232323,1.05450551767677
1983-09-30,0.7647805,1.29320925,2.00415025125628,2.7766974698144,0.9327417721519,0.16796127215190004
1983-10-31,-7.76390728643215,-5.35525914786968,-3.1588153652393,-2.93888214285714,-4.02052773536896,3.7433795510631898
1983-11-30,6.08648869346733,4.91411939546599,4.19396810278196,4.51341560102302,6.48543443877551,0.39894574530817994
1983-12-30,-2.32788366834171,-1.47022317380353,-0.914168434343435,-1.03412199488491,0.0780530937533163,2.4059367620950263
1984-01-31,-3.32756386768448,-0.731096183206107,0.0480390629281012,1.60877384615385,3.55287737789203,6.88044124557651
1984-02-29,-6.74411773778921,-5.7978150510204,-4.52000943877551,-4.39738025641025,-5.11802517053985,1.6260925672493602
1984-03-30,0.490499741602068,1.48041479591837,2.06037358974359,1.46579819121447,3.0897494704147,2.599249728812632
1984-04-30,-0.987668489583333,-0.730837595907928,-0.628978717948717,-1.01002265625,-2.04398435013263,-1.056315860549297
1984-05-31,-6.28096015625,-5.21198868894602,-4.97729944265898,-4.15241540469974,-4.56893611859838,1.71202403765162
1984-06-29,4.42007670157068,3.44038403506366,2.02263616179023,1.64113070866142,1.7892915724248,-2.6307851291458797
1984-07-31,-5.39855653059949,-4.10604362244898,-4.30266903553299,-3.60130203562341,-3.00098651399491,2.39757001660458
1984-08-31,13.4507093908629,12.5866534526854,12.2703333333333,9.72167877237852,9.87472270408164,-3.5759866867812597
1984-09-28,-1.97503171355499,0.162229986210283,-0.0863325641025641,1.21224719387755,1.57183384615385,3.5468655597088397
1984-10-31,-2.93362268041237,-0.978441947794286,-0.835101275510204,-1.2392488372093,-0.721615762273902,2.212006918138468
1984-11-30,-5.34246380208333,-2.50747209039189,-1.93204035989717,-2.0425637075718,-1.87939093264249,3.4630728694408397
1984-12-31,2.38956204188482,1.42869973544974,1.5444330749354,1.35151134564644,0.800775934562303,-1.588786107322517
1985-01-31,12.5770095238095,12.1828826203209,11.3516765934483,9.55501345646438,9.40458210526316,-3.1724274185463397
1985-02-28,3.73170453333333,3.04889459459459,2.7011220472441,2.46761560846561,2.79302401055409,-0.9386805227792401
1985-03-29,-3.21000563002681,-2.36691117166213,-2.14903793103448,0.966324734042553,0.131612868632707,3.341618498659517
1985-04-30,-3.62819756756757,-2.15596082191781,-1.29757058823529,-0.379492266666667,-0.445249462365591,3.182948105201979
1985-05-31,3.71024483695652,4.21692219178083,4.16459433962264,2.62583548387097,2.89059128065395,-0.81965355630257
1985-06-28,0.994766849315068,1.07112348066298,0.940284130956487,0.686231621621621,0.906193663911847,-0.08857318540322101
1985-07-31,0.459814511873351,2.42383762615464,1.59042480211082,1.13514206349206,3.25585105820106,2.796036546327709
1985-08-30,-1.67648222811671,-0.890024064171122,-0.301937866666667,0.635157671957672,-1.048345,0.6281372281167099
1985-09-30,-6.33413823529412,-4.96837526881721,-4.60598203753351,-3.815924933687,-5.20976877851346,1.1243694567806592
1985-10-31,2.09852432432432,3.50320296495957,3.19469385026738,3.75652292073245,2.39856143617021,0.30003711184589
1985-11-29,6.3791245945946,7.1337301369863,7.24395764075067,6.41682857142858,5.36700266666667,-1.0121219279279305
1985-12-31,3.71269592391305,4.93923598901099,4.51342079528696,4.04600951086956,3.45203636363636,-0.26065956027669035
1986-01-31,1.14118319559229,1.31105530726257,1.87852142857143,2.04165765027322,2.95024054054054,1.8090573449482499
1986-02-28,9.87758941504178,7.5932286516854,6.92836804407714,8.50014359673025,6.62106189189189,-3.256527523149889
1986-03-31,5.55221201117319,5.25434135977337,5.43470658408754,5.45669727520436,7.18265528455284,1.6304432733796501
1986-04-30,0.36621661971831,0.541821652421652,-0.558364985994398,-1.22727896868462,-1.12600192837466,-1.49221854809297
1986-05-30,4.08691501416431,4.48479057142857,4.62025439093485,4.06548783099365,2.8714864265928,-1.2154285875715098
1986-06-30,0.326491218130312,-1.11851724137931,0.547519263456091,0.703213091922005,1.35886328573972,1.032372067609408
1986-07-31,-9.42380410958903,-8.33852994505494,-6.9167956043956,-4.48587967032967,-8.4085791780822,1.0152249315068307
1986-08-29,3.3431282967033,4.2699226519337,5.51467369863014,6.09738626373627,4.41204861878453,1.06892032208123
1986-09-30,-7.41634309392265,-6.13108314917127,-5.4533978769146,-5.02834148351649,-3.21241194444444,4.20393114947821
1986-10-31,4.52919776334959,4.82262458100558,3.30893862880886,4.20165761772853,3.28676033519553,-1.2424374281540596
1986-11-28,0.491864985994397,0.146798028169014,0.923651532033426,-0.274127932960893,0.550531056497175,0.058666070502778056
1986-12-31,-3.04980988700565,-2.04963342776204,-3.74648848314607,-1.92560056179775,-2.47818717948718,0.5716227075184701
1987-01-30,12.8184799426934,12.1480268453466,10.9286377840909,10.6310948424069,11.2840439882698,-1.5344359544236
1987-02-27,8.56163948126801,6.75508189910979,6.29309421965318,4.81233198847262,7.07316358132832,-1.48847589993969
1987-03-31,1.61645867052023,3.02565402985074,2.02391188405797,2.06748275862069,4.94988214750506,3.33342347698483
1987-04-30,-3.07860813953488,-3.21215014925373,-3.20481540697674,-2.44272803468208,-0.486250501009118,2.5923576385257623
1987-05-29,0.387781286549707,0.457526567164179,-0.379175872093023,0.51567761627907,2.02227160493827,1.634490318388563
1987-06-30,4.12663823529412,3.23310808383234,3.28685335276968,3.55507848837209,3.19035386996904,-0.9362843653250801
1987-07-31,3.63939747191011,4.34819576271186,3.69537042253521,4.49464563380282,6.53742247191011,2.8980250000000005
1987-08-31,2.53948153409091,2.67927464387464,3.20140338983051,2.75977401129943,0.995167042253521,-1.544314491837389
1987-09-30,-1.94310427350427,-1.785850997151,-1.10486214689265,-0.981250141643059,-0.69694472934473,1.2461595441595401
1987-10-30,-29.3490829479769,-27.962529226361,-25.2944626062323,-26.347175,-28.5811873563218,0.7678955916551011
1987-11-30,-7.45887167630058,-6.07175402298851,-4.70195410764873,-4.19243074712643,-3.77394219653179,3.6849294797687904
1987-12-31,6.54537204610951,8.23441797101449,6.354569055216,4.90522848837209,3.20014624277456,-3.3452258033349502
1988-01-29,5.80529623188406,5.02128279883382,7.33763919308358,6.72845705882353,8.18280581395349,2.37750958206943
1988-02-29,8.43655917214105,7.76254809120176,6.62645664739885,6.96540206489676,7.13937653958944,-1.2971826325516105
1988-03-31,0.708168436578171,2.84760476190476,1.38757543352601,1.75818635014837,3.39217079646017,2.684002359881999
1988-04-29,0.344798809523809,1.6454505988024,2.00053403681994,0.851542215568863,2.61872976190476,2.273930952380951
1988-05-31,-2.06932029850746,-1.63192145015106,-0.408902267163691,-0.00476787878787823,-0.646781626506025,1.4225386720014348
1988-06-30,6.42474603764221,6.90805518292683,5.44823987915407,5.70336158536586,5.66947584097859,-0.7552701966636199
1988-07-29,-1.49987833333333,-1.47894225761773,-0.50320502759446,-0.0882872222222225,-0.245391666666667,1.2544866666666632
1988-08-31,-4.08316532426162,-3.19458166666667,-2.4878343575419,-0.950080952380953,-2.51926414565826,1.5639011786033605
1988-09-30,4.80360826210826,2.99024733893558,3.2151191011236,2.44723644067796,2.85933371104816,-1.9442745510601003
1988-10-31,-0.734445953757225,-0.221432676056338,0.0491401129943512,0.524927011494253,-0.312224431818182,0.422221521939043
1988-11-30,-3.34117005813954,-3.64143144475921,-3.40337259887006,-3.11817391304348,-2.85896182336182,0.4822082347777199
1988-12-30,2.59023333333334,3.69642865329513,4.31671703508357,3.24516364462209,2.82578854893582,0.23555521560248005
1989-01-31,6.60350238095238,5.07852086956522,4.91886802325581,5.12702802359881,7.29152601156069,0.6880236306083107
1989-02-28,-0.23826537313433,0.546457771260997,-0.326947647058824,1.33303480825959,0.325299128801173,0.563564501935503
1989-03-31,2.03444186746988,2.25651479289941,1.82752958579882,2.01781710914454,3.39293162824852,1.3584897607786397
1989-04-28,4.76275973130662,3.24172976190476,3.33347507418397,2.9085620184594,4.58749761904762,-0.17526211225899946
1989-05-31,3.89696487252219,2.79082597014925,4.12756994047619,3.62646234939759,2.37755044776119,-1.519414424761
1989-06-30,-1.22134845679012,-0.898565373134329,-1.2169081570997,0.873390273556232,0.211534234234234,1.432882691024354
1989-07-31,6.55430823863637,5.53921789772727,4.90056402266289,3.01306986860796,3.17192974504249,-3.38237849359388
1989-08-31,2.3519564469914,2.65204017094017,1.92052279202279,1.88018746438746,1.65731657142857,-0.6946398755628298
1989-09-29,1.55052705882353,-0.920248433048433,-0.595059142857143,-0.463901424501424,0.0657044425259259,-1.4848226162976041
1989-10-31,-5.05513893805309,-6.331198,-5.55621571428571,-4.68330317002882,-7.0842386167147,-2.02909967866161
1989-11-30,0.272315430267062,1.66378074712644,0.196495689655173,0.0402468208092484,-1.14616239067055,-1.418477820937612
1989-12-29,-0.300040718562874,0.170792528735632,0.396160755813954,-0.797025655976676,-0.877993235294117,-0.5779525167312429
1990-01-31,-8.18111884498481,-7.05692939481268,-6.69999825072887,-5.91376852941177,-7.13799701492537,1.043121830059441
1990-02-28,2.0443400621118,2.56382225433526,1.59584064327486,1.65925341246291,1.2370671686747,-0.8072728934371003
1990-03-30,3.84540861538462,3.62616829971181,2.53462890855457,3.33520326409496,1.52487121212121,-2.32053740326341
1990-04-30,-3.01787888198758,-3.69770869565217,-4.11420059347181,-4.01277215568862,-5.18294787878788,-2.1650689968003003
1990-05-31,7.68279472049689,6.27463819241983,6.55135582089553,5.27393674698795,2.58353696969697,-5.09925775079992
1990-06-29,-0.13637375,0.933958479532163,-1.17192065868263,-0.607561027190333,-0.895112923076923,-0.7587391730769231
1990-07-31,-2.18856925287356,-2.52090287356322,-2.10086080691643,-3.04159712643678,-4.65234783861671,-2.46377858574315
1990-08-31,-11.9653368876081,-11.986258496367,-11.593647104353,-11.0392412103746,-11.3572056851312,0.6081312024768994
1990-09-28,-7.58921690962099,-6.85600615835777,-7.75500666666667,-7.56314811594203,-10.2414973293769,-2.6522804197559102
1990-10-31,-5.21372565597667,-5.49417976539589,-4.06565578034682,-4.59830614035087,-8.90767227138644,-3.6939466154097707
1990-11-30,7.20226735294117,7.53821698492912,5.93586271676301,5.19771794117647,4.0055203539823,-3.1967469989588695
1990-12-31,2.36841794117647,2.81460177514793,2.35469420289855,2.18032218934911,-1.202153115727,-3.57057105690347
1991-01-31,8.66854191616766,7.23225608308605,8.16813343023256,8.31252307692308,12.860687987988,4.192146071820339
1991-02-28,12.3407906626506,12.3559050898204,10.9977531976744,11.8318278106509,14.5349424698795,2.1941518072289004
1991-03-28,5.32282688821753,3.71209186746988,5.16176424418605,5.49423905325444,9.51568493975903,4.1928580515415
1991-04-30,-0.221479939209726,-0.953674924471299,0.466841228070175,0.547641420118343,0.852348300604229,1.073828239813955
1991-05-31,3.75136757575757,5.19465242424242,4.01295451895044,3.89804065281899,1.67423140243902,-2.07713617331855
1991-06-28,-5.03902865853658,-4.2032603030303,-4.19404956268222,-2.87732284866469,-4.95604109151411,0.08298756702247001
1991-07-31,3.73983342696629,3.41330621468926,3.74124957746479,3.13573943661972,2.56653305084746,-1.1733003761188296
1991-08-30,3.16062252824859,3.48183238636364,2.16116901408451,1.81680116824731,1.4834414084507,-1.6771811197978899
1991-09-30,-0.617098583569405,-0.981857954545455,0.566024858757062,-0.817955397727273,-2.16117549295775,-1.5440769093883449
1991-10-31,2.07923942857143,1.34821609195402,1.72678587570621,1.92498114285714,-0.0720646723646721,-2.1513041009361022
1991-11-29,-3.22026418338109,-5.59900257879656,-2.76764745762712,-4.40432307692308,-5.10579059829059,-1.8855264149095001
1991-12-31,9.18704812680115,6.93998150289018,6.12790211136619,5.39797468791966,4.45945988449109,-4.72758824231006
1992-01-31,6.23794277456647,6.47745953079179,5.36828828571429,9.82588706896552,25.9670915942029,19.72914881963643
1992-02-28,2.17744421965318,2.84492228739003,2.58359228571428,4.15315144508671,8.09150086956522,5.914056649912039
1992-03-31,-4.01461540697674,-1.90680855457227,-1.79511493414063,-0.77202514450867,-1.35107005813953,2.6635453488372103
1992-04-30,-1.97977602339181,0.0930581120943948,-0.853457306590257,-2.64901046511628,-2.23124823529412,-0.25147221190231006
1992-05-29,0.163231361378363,0.73152454458997,1.1516725433526,1.36454340175953,0.156491071428571,-0.0067402899497920055
1992-06-30,-3.97935103857567,-4.05976587537092,-2.89718713450292,-4.27982005899705,-1.62249581473343,2.35685522384224
1992-07-31,3.79574861878453,2.86541966759003,4.44012983425414,4.47623850415512,1.86590138888889,-1.92984722989564
1992-08-31,-2.07081052631579,-2.19501866295265,-1.76550552486188,-2.13585083333333,-3.51963286908078,-1.44882234276499
1992-09-30,1.07575537190083,1.79329329608939,0.938327855153204,1.06142944444444,0.807109497206703,-0.26864587469412693
1992-10-30,4.15228171745152,2.39526778711485,1.01042234636871,2.91896991643454,0.395611764705882,-3.756669952745638
1992-11-30,6.40075194444445,6.53475926966292,4.97499830985916,6.4743913649025,7.46396402266289,1.0632120782184398
1992-12-31,1.70089526462395,2.41020451977401,2.96564406779661,4.27834971712235,6.8564375,5.15554223537605
1993-01-29,2.02424568245125,2.84642845070423,3.68292921918768,5.00459720670391,8.23541206896552,6.21116638651427
1993-02-26,-2.77678938547486,-0.381981019830029,1.74684394366197,-0.359366946778712,1.75105545977012,4.52784484524498
1993-03-31,1.82025674157303,3.15118413597734,3.59530734463277,3.77792359550562,3.87960749279539,2.05935075122236
1993-04-30,-4.02521416430595,-2.40175994318182,-0.999403107344633,-2.48871314285714,-1.17937551020408,2.84583865410187
1993-05-28,4.4575940509915,3.71734586894587,2.60231553672316,1.43859857549858,5.72476041055718,1.26716635956568
1993-06-30,-1.14435921785455,-0.0935071022727275,1.59483966005666,1.16352171428571,1.65256129032258,2.79692050817713
1993-07-30,-1.14738306878307,0.242793403693932,1.25571798941799,2.04294300791557,2.06115738664933,3.2085404554324
1993-08-31,4.46577222222222,3.91360604111842,3.87599681697613,3.79344297082228,3.10068789473684,-1.3650843274853797
1993-09-30,1.20527010582011,0.264032804232804,1.14022845744681,1.71357712765957,1.33280894736842,0.12753884154830986
1993-10-29,3.76797862796833,3.45545423280423,0.641169518716578,2.77056914893617,3.88190712401056,0.11392849604222999
1993-11-30,-1.85986674714615,-2.06746428571428,-2.13553743315508,-1.87484707446808,-0.762952519893899,1.0969142272522512
1993-12-31,1.26044569892473,3.3418599469496,2.50595227882038,3.15055080213904,2.23712000445845,0.9766743055337201
1994-01-31,2.87834824797843,4.08764308510638,3.19874893048129,3.75538467741936,7.92153027027027,5.043182022291839
1994-02-28,-1.0010102425876,-0.6010504,-1.18308951612903,-0.58393153638814,-0.293548780487805,0.707461462099795
1994-03-31,-5.21542425876011,-4.78796397849462,-3.22600916442048,-3.93843351351352,-3.70916185286103,1.5062624058990797
1994-04-29,-0.13090027100271,0.9583836461126,1.07577459459459,0.107525271739131,0.695530958904109,0.826431229906819
1994-05-31,0.614742547425473,0.371547043010753,-0.846799180327868,-1.37776830601093,1.15056308539945,0.535820537973977
1994-06-30,-4.90157506775068,-2.28275134408602,-2.21540491803279,-2.00982732240437,-2.80381090394779,2.09776416380289
1994-07-29,2.63995125,2.0856540201005,2.44181375,2.974630489455,2.36909925,-0.2708520000000001
1994-08-31,4.92033,4.81720211599497,4.204972,3.69222651515151,4.34883187009045,-0.5714981299095498
1994-09-30,-0.12881432160804,-0.758138734177216,-0.639663408521305,-1.8111087721243,0.0714525510204075,0.2002668726284475
1994-10-31,-0.558081012658227,1.03105841836735,0.807252272727272,-0.350578880407125,-0.274462086513995,0.28361892614423195
1994-11-30,-4.86688686799644,-5.22154627249357,-4.44450739795919,-3.80106777002748,-3.58915816326531,1.27772870473113
1994-12-30,0.82461649484536,1.32515773195876,0.518851275510205,0.780859793814433,0.318740816326531,-0.505875678518829
1995-01-31,0.722836733458702,0.94708961038961,1.00375102564103,2.252934375,1.17164271099744,0.4488059775387381
1995-02-28,2.77982486910995,3.98094270833333,3.35155179487179,3.96293005480578,3.44708041775457,0.6672555486446203
1995-03-31,1.97124497354497,2.0429637075718,2.73961316911385,0.85715598961455,1.92108355091384,-0.05016142263112999
1995-04-28,1.24643315649867,1.65898661417323,3.06314455958549,3.63696272056111,3.53948422854947,2.2930510720508
1995-05-31,4.19145320855615,2.25278416814737,1.39895038961039,3.52618632707775,2.99641134564644,-1.1950418629097102
1995-06-30,4.4049528,3.78357345403236,2.72345709501342,2.57516175848954,3.07792917771883,-1.3270236222811702
1995-07-31,5.47501044776119,5.16005646766169,4.20162543640897,3.49486541353383,4.79899330024814,-0.6760171475130496
1995-08-31,1.05354899497487,1.50042731829574,1.98551102756892,3.2546705,3.06053034825871,2.00698135328384
1995-09-29,2.31819797468355,1.7033027638191,2.50250200501253,2.48124375,3.25678976776808,0.9385917930845302
1995-10-31,-4.85686377551021,-4.70924962216625,-3.99593117206982,-4.11195939849624,-3.75803182957394,1.0988319459362703
1995-11-30,2.64416854219949,3.67177095959596,3.84967833753149,3.00047045454545,0.838056992969797,-1.8061115492296929
1995-12-29,1.17182250639386,1.54135482233502,1.56471769559747,2.62052994923858,2.30615321336761,1.1343307069737498
1996-01-31,2.69290206718346,2.00671369509044,2.42693698979592,2.53670562659846,2.59995506493506,-0.0929470022483998
1996-02-29,3.78386194225722,4.33375283505155,2.24051902313625,1.50759716494845,1.28505598958333,-2.49880595267389
1996-03-29,2.57307082228117,2.71323082901554,3.55985516376804,2.91507235142119,2.76689582812272,0.19382500584155027
1996-04-30,3.68574204809491,5.51984817708333,4.94424322916667,3.34996953125,3.7033343832021,0.01759233510719005
1996-05-31,4.73033206521739,3.25509763157895,3.19269098735714,3.7191280104712,5.53843526315789,0.8081031979404996
1996-06-28,-3.70220191256831,-2.87085278514589,-1.3104277486911,-0.366989736842105,-1.14776606646117,2.5544358461071397
1996-07-31,-8.48662004950494,-7.20039751243781,-6.25149156327543,-5.54924441687345,-6.10864342431762,2.377976625187321
1996-08-30,3.91356725,4.73288124085661,5.00763865336658,4.25071237623763,2.82830324189526,-1.08526400810474
1996-09-30,4.03853189873418,4.189614,2.7568655,1.90138694242184,3.008024,-1.0305078987341805
1996-10-31,-3.22681815856778,0.412831979695432,1.7630845,1.80720024875622,-0.341704050632911,2.8851141079348688
1996-11-29,2.05182570694087,4.70964617346939,4.7457985,5.127638,4.3536038523743,2.30177814543343
1996-12-31,-0.992363961581607,-0.778980800103856,0.41884686716792,1.704071495234,1.08231336760925,2.074677329190857
1997-01-31,5.08264230537526,4.74716233766234,3.7257679197995,3.19166397984887,4.37859451697128,-0.7040477884039804
1997-02-28,-0.67558085106383,-0.274488805096606,-0.397180555555555,0.840954292929293,0.837709119437008,1.513289970500838
1997-03-31,-5.2511805835385,-3.74676824146982,-2.85753807106599,-3.33684166666667,-3.16003289473684,2.09114768880166
1997-04-30,0.584558918918919,0.549807936507937,1.40348316661667,0.569058477510205,-1.46848696808511,-2.053045887004029
1997-05-30,9.45176630434782,8.45564894179894,7.89688333333333,7.82838716713316,8.15534335106383,-1.2964229532839902
1997-06-30,4.46515245901639,4.40007473404255,4.3883012886598,5.36938062015504,5.46766861702128,1.00251615800489
1997-07-31,4.91974796055644,6.29710150126165,5.95967576470588,5.32357485803756,5.11879203747072,0.19904407691428005
1997-08-29,1.21872190476191,1.06271656588057,1.63440517993246,1.57399156057245,2.24217668007059,1.0234547753086798
1997-09-30,5.66530167464115,6.55578537170264,7.18981304620504,6.86500674698796,7.66208424821003,1.99678257356888
1997-10-31,-4.48618062953995,-4.6686384057971,-3.24807657004831,-2.23844514563107,-1.93243814990265,2.5537424796373003
1997-11-28,-0.511000487804878,-0.692975242718447,-0.503451096235279,1.19385,-0.386681707317073,0.12431878048780493
1997-12-31,0.8091465895344,0.35708102189781,0.608552205882354,3.18386365989779,-0.156435344827586,-0.965581934361986
1998-01-30,-0.331716584158416,-1.61857395577396,-1.17691562333793,-1.89147735980025,-0.696996600651256,-0.36528001649284003
1998-02-27,6.66991228070175,7.68069758024691,6.69486716417911,4.82541431414684,6.5423170577159,-0.1275952229858497
1998-03-31,4.46712489828182,4.18041169154229,4.56969843252115,4.67142602040816,6.82668166299175,2.3595567647099305
1998-04-30,0.0944702564102569,1.54505475,1.24002942987103,1.0462956185567,2.26969095607235,2.175220699662093
1998-05-29,-4.76175400516796,-4.25343241206031,-3.52341696202531,-3.38329754457018,-1.64668867888623,3.11506532628173
1998-06-30,-0.467931780553767,-2.13239846289899,-2.51135025468974,-0.695966616950934,-1.37241822916667,-0.904486448612903
1998-07-31,-5.17419119047619,-6.98940150877518,-6.73419210526315,-6.26007420191286,-4.69564011256817,0.47855107790802
1998-08-31,-19.1990223809524,-19.7526048044696,-17.0178813397129,-14.8776226969684,-14.7806853365385,4.418337044413899
1998-09-30,8.04058752997602,4.01379921633415,4.96512884615385,4.09745477170217,2.70968467153285,-5.330902858443171
1998-10-30,6.68619275362319,7.18510687960688,5.99122237941743,3.0354426150121,0.778260998824331,-5.907931754798859
1998-11-30,5.7267625,3.60771095374286,3.61613743842365,3.43811564792176,3.06922751842752,-2.6575349815724802
1998-12-31,3.89924970635236,2.62388140926188,0.917872223948889,2.15552391869951,-1.33496532939704,-5.2342150357494
1999-01-29,1.7116182278481,-1.39582613065327,-1.5600817721519,-2.39177320099256,1.06871791044776,-0.64290031740034
1999-02-26,-5.25278427166272,-5.62700151133501,-5.81461179487179,-4.40202867830424,-3.54276155778895,1.7100227138737698
1999-03-31,1.74455788113695,1.50997563395342,2.14276555297351,-0.235645,-3.86696421319797,-5.611522094334919
1999-04-30,8.31795691489361,9.87977168831168,11.7281685185185,10.7463599267859,12.3314672680412,4.0135103531475895
1999-05-28,2.12527092391304,2.35942077922078,3.47882906666667,4.19615445292621,4.13898098958334,2.0137100656703
1999-06-30,3.46204254742547,3.66105117493473,2.52365431413289,2.55431017811705,6.24163776041667,2.7795952129912
1999-07-30,-2.23125639225307,-2.69674285714286,-0.905498271604938,-1.11634520884521,1.02026102941176,3.25151742166483
1999-08-31,-4.63998134328358,-4.94695226485186,-3.71672092923532,-3.22424588528678,-2.11058501228501,2.52939633099857
1999-09-30,-3.58585213032582,-2.923961,-2.5950453072607,-3.82765351758794,-2.85127536945813,0.7345767608676899
1999-10-29,-0.689297265188659,-1.19334970111108,-1.30667279007755,-0.98540303030303,-1.95492128712871,-1.265624021940051
1999-11-30,2.75846145833333,1.55607090051168,1.80654516609245,0.491916583518159,1.01539875,-1.74306270833333
1999-12-31,3.57922879581152,6.36714987080102,1.46592712765957,1.39622396907216,3.99601237373737,0.41678357792584997
2000-01-31,-1.06123342175066,-1.847940625,-1.92431550802139,-0.13090390625,4.22849465938303,5.28972808113369
2000-02-29,0.374014784946236,0.221339425587467,0.963463414634147,0.0572932824668414,5.5482905511811,5.174275766234864
2000-03-31,8.75383653830645,8.10195588964011,8.53397693938959,6.26817625329816,3.58163947368421,-5.17219706462224
2000-04-28,-2.63451008174387,-2.76929214092141,-0.462103910614525,-0.420724390243901,-3.42691313672922,-0.7924030549853498
2000-05-31,-1.15770005070864,-0.151718306010929,-1.73709461756374,-1.29101231853729,-0.948109090909091,0.2095909597995489
2000-06-30,2.25754736070821,-0.689302204359452,0.212965428571429,-0.178068156424581,0.889377808988764,-1.368169551719446
2000-07-31,-0.146383870967741,0.354513404825738,2.6926050802139,0.66693422459893,0.828633689839572,0.9750175608073129
2000-08-31,6.56250155519623,5.75067067402609,6.1276091462814,5.23589544235925,4.88766380697051,-1.6748377482257197
2000-09-29,-2.57966875,-0.969111057692307,-0.231738904109589,0.54573626092973,-1.56345802132688,1.0162107286731201
2000-10-31,-1.10649589041096,-0.756355801104973,-0.948882122905029,-2.47274142189019,-5.1999972826087,-4.09350139219774
2000-11-30,-8.08189305555556,-4.02721689202818,-3.10626130876639,-3.82069452054795,-5.27773608815427,2.8041569674012896
2000-12-29,2.33551211267605,8.36609103641457,7.80799829671142,6.84621565878611,3.36620084033613,1.0306887276600802
2001-01-31,12.048598,9.35645632881356,8.85495045205948,9.0782637062483,17.7269056980057,5.6783076980057015
2001-02-28,-5.62605759312321,-2.55104727793696,-0.0760551288136096,0.0561692307692305,-1.51592773345665,4.110129859666561
2001-03-30,-6.38293602305475,-3.57141374269006,-1.71485972047934,-3.88786418338109,-2.72992558139535,3.6530104416594003
2001-04-30,6.97078371428572,7.4164038123167,5.42134709480122,4.43740172454799,3.20846832844575,-3.7623153858399703
2001-05-31,4.64762859599884,2.6520997032641,4.95299726198646,7.13555863533642,8.13238694362018,3.48475834762134
2001-06-29,-2.06230295857988,0.55584447761194,0.868376851851853,0.561903468208092,-0.275950447761194,1.7863525108186862
2001-07-31,-3.06293820224719,-1.55419047619048,-0.584839215686275,0.0270730154901961,-0.0266143313691878,3.036323870878002
2001-08-31,-3.75941295774648,-3.68923549295774,-1.9384044963764,-0.151977808988765,-0.706556684680226,3.0528562730662543
2001-09-28,-11.5712324786325,-10.8315599477521,-9.22196375916079,-11.7380626404494,-11.6383386363636,-0.06710615773110007
2001-10-31,4.05499031339031,5.44167988947832,4.05223650479828,2.37125464788732,-0.00672391930835773,-4.061714232698668
2001-11-30,6.84750806916426,6.95951842105263,4.82863362068966,5.6971604519774,7.34933391812866,0.5018258489644003
2001-12-31,5.46823197674418,4.7935808259587,6.03506955336542,5.93266719252874,4.88709528831927,-0.5811366884249098
2002-01-31,-0.231925739644971,-1.54507455621302,0.831804069767441,3.25090428510816,7.20407884473659,7.436004584381561
2002-02-28,-1.84304186746988,-0.0730848664688433,1.63829269005848,0.915704411764706,-0.0484266777530676,1.7946151897168126
2002-03-28,6.99860547112462,8.22236901041667,7.59078328445748,7.33125059171597,9.0739698757764,2.075364404651781
2002-04-30,-3.10286158536585,0.813919335347432,2.03801641791045,4.31399253731343,6.00516898734177,9.10803057270762
2002-05-31,-3.00333669724771,-1.51043799392097,-2.22744698795181,-0.570285285285284,1.40312811501597,4.40646481226368
2002-06-28,-8.48226452599388,-5.97050884146342,-4.94469212121212,-3.19491351281424,-2.74026858974359,5.741995936250291
2002-07-31,-11.1683230538922,-11.1883383928571,-12.9629567693907,-11.1810684523809,-10.9470870498512,0.22123600404099975
2002-08-30,-0.128634131736527,1.77251856637351,1.12403153153153,-0.0523710447761194,-0.392953453453453,-0.264319321716926
2002-09-30,-8.14096317495903,-7.4190943283582,-8.18933333362892,-7.64835301204819,-7.46220090361445,0.6787622713445796
2002-10-31,3.33865213414634,2.32233532934132,1.89130755287009,0.44316586102719,-1.84585030674847,-5.18450244089481
2002-11-29,9.68618558282208,8.33789246987952,7.05556524390243,7.04526132930514,7.29184736842105,-2.3943382144010306
2002-12-31,-4.767300398773,-3.11498313253012,-2.59535504587156,-1.85782818181818,-1.1553721875,3.611928211273
2003-01-31,-1.62217523809524,-2.39489335347432,-2.56363138461539,-1.77036788990825,0.470898486803459,2.093073724898699
2003-02-28,-3.00290412698413,-1.95717401812689,-3.23103919753086,-3.29884862385321,-3.23849525308051,-0.2355911260963799
2003-03-31,1.19822133757962,0.971036858006042,0.498716975308642,-0.679088297172922,-0.826982541935484,-2.025203879515104
2003-04-30,8.1083617363344,10.2140076452599,9.73974638444268,8.81119875389409,7.28307843137255,-0.8252833049618502
2003-05-30,11.2988672025724,8.98317261538462,9.61381968253968,9.97211898734178,10.2108165706244,-1.0880506319479988
2003-06-30,5.17952258064516,1.36787098765432,2.89394203821656,3.36274272151899,7.91137847682119,2.7318558961760298
2003-07-31,5.12619411764706,3.87070247678018,4.37095323364706,3.83404613003096,5.15494613003096,0.028752012383900016
2003-08-29,3.38856206896552,4.76335572755418,4.3432987460815,3.85012834890966,5.93698915455625,2.5484270855907303
2003-09-30,-1.39565471698113,-0.77311145510836,-0.304660567823344,0.133323197492163,1.94037350157729,3.33602821855842
2003-10-31,6.2757002802717,6.88277763975155,7.40556246056782,8.34422194357366,8.74151455696202,2.4658142766903204
2003-11-28,2.72534402515723,4.87111401869159,4.18041829652997,3.5363248427673,5.41130063694268,2.68595661178545
2003-12-31,4.15623396226415,4.21055375,4.10347539432176,5.41760567823343,7.30563723629225,3.1494032740280993
2004-01-30,3.98111265822785,2.5626465408805,3.55612571428571,3.12815220873344,7.64079409836066,3.6596814401328097
2004-02-27,1.45765126582279,2.08461370738738,3.25247763578275,3.07405700636943,3.36094768211921,1.9032964162964199
2004-03-31,-0.098360952380952,1.05756,0.89941917923131,0.556018152866242,1.40725433333333,1.5056152857142822
2004-04-30,-0.688166666666667,-3.31120696202532,-2.48827845659164,-3.25593025477707,-2.2230569023569,-1.534890235690233
2004-05-28,-0.464692628205128,1.59091455696203,1.16709448051948,0.274868690095847,1.01576563573883,1.480458263943958
2004-06-30,2.36176698717949,3.46650633496635,4.50341715932508,4.4684786407767,4.6092697287448,2.24750274156531
2004-07-30,-6.06050481927711,-4.93515106382978,-3.02804815105559,-2.72540906344411,-3.07791842900302,2.98258639027409
2004-08-31,-0.837200301204819,-0.925313455657492,0.00890949081060625,0.366967378048781,-0.910918348623853,-0.07371804741903398
2004-09-30,3.69132900302115,3.96723380605688,4.67407933130699,4.7569119266055,4.8383,1.1469709969788502
2004-10-29,0.846506006006006,1.40078369230769,1.17467507598784,1.58887865853659,1.87935569230769,1.032849686301684
2004-11-30,7.45421590097892,7.244,8.59809513677811,8.26244740061162,9.91557047987617,2.4613545788972493
2004-12-31,5.88891480362538,4.03312941176471,2.88836838905775,3.49776288343558,5.4193007956732,-0.4696140079521802
2005-01-31,-2.82481909090909,-2.71768947368421,-1.67455304878049,-1.73843487654321,-0.490913880126183,2.333905210782907
2005-02-28,1.58330606060606,3.19028204334365,3.25386073619632,3.17303105590062,3.13749428571428,1.55418822510822
2005-03-31,-3.08559082568807,-1.87930248447205,-2.29770030674847,-1.1027384375,-0.00774419354838687,3.0778466321396833
2005-04-29,-4.86237298136646,-6.31175817610063,-4.90268615384615,-4.6142178125,-5.81072258064516,-0.9483495992786999
2005-05-31,3.70155169230769,5.09395474683544,5.05642679127726,3.9260458609375,4.85554155844156,1.1539898661338701
2005-06-30,1.03713436532508,3.03714536316445,4.20355611285266,4.81070094637224,5.85977980456026,4.822645439235179
2005-07-29,5.85074302670624,5.48966358208955,6.06436172106825,5.7423356083086,6.09212958579882,0.24138655909257967
2005-08-31,-1.35809020771513,-0.364316766467065,0.155183880597015,-0.51086525089911,-1.02362537313433,0.3344648345807999
2005-09-30,0.299008543082686,0.432808787878788,2.33670419161677,1.67726095350239,1.02850417910448,0.729495636021794
2005-10-31,-2.69480180722892,-3.69499573170732,-3.84428645942162,-3.89721596385542,-4.36132119402985,-1.66651938680093
2005-11-30,3.96005075528701,3.60619294478527,5.15994515151516,3.4730339274997,3.61118704819278,-0.34886370709423
2005-12-30,1.39268328267477,0.691407818201539,0.971150455927052,1.04057870775579,1.7103924012158,0.3177091185410301
2006-01-31,7.08832059465945,8.44762962752201,9.32321437308869,7.76840994005802,6.47240428190586,-0.6159163127535905
2006-02-28,0.0551284375000006,-0.510234069400631,-0.301473230769231,-1.10665372195597,-0.09611149068323,-0.1512399281832306
2006-03-31,3.95330093457944,4.19547886435331,4.56247361009907,3.41128476361199,3.2392171875,-0.7140837470794401
2006-04-28,0.0285225000000006,1.93415968253968,2.0795178125,2.1482980952381,2.81747873015873,2.788956230158729
2006-05-31,-4.12281111111111,-4.11975732484077,-4.53110283018868,-3.7797910543131,-2.93057834394904,1.19223276716207
2006-06-30,-1.69116699029126,-0.483853225806452,0.522532079653628,0.025117948717949,0.776918064516129,2.468085054807389
2006-07-31,-3.26855802469136,-2.75794534161491,-2.56262795031056,-0.633762538699691,-1.98011358024691,1.28844444444445
2006-08-31,2.54805434782609,1.83827429467085,1.0129884375,0.756986377708978,2.24981021671827,-0.2982441311078201
2006-09-29,0.0750809968847347,0.247565094339623,0.0499540880503143,1.07032033456947,1.51697053291536,1.4418895360306252
2006-10-31,3.98901167192429,5.96593470031546,4.50557979903417,4.59570880503145,3.75354668769716,-0.23546498422712991
2006-11-30,3.22911587301587,3.50305440378006,4.15193974763407,3.94085408805031,2.69569712460064,-0.53341874841523
2006-12-29,0.18899003215434,0.903883121019109,-0.00772063492063471,1.47911015746965,2.2683922829582,2.07940225080386
2007-01-31,4.33394090909091,2.49517491961415,2.03012290322581,1.82041826923077,2.35235339805825,-1.9815875110326604
2007-02-28,0.261040909090909,-0.0219093548387098,0.49573430420712,-0.198807189542484,1.4133022875817,1.1522613784907911
2007-03-30,0.845606384377048,1.79105210355987,1.10867817589577,0.688330819672132,1.11907663750698,0.273470253129932
2007-04-30,3.56198466666667,4.36924560260586,3.5551862295082,2.17575,3.41957094594595,-0.14241372072072034
2007-05-31,3.85796153846154,5.38333980263158,3.18693836065574,2.54382205176106,1.71873448275862,-2.1392270557029205
2007-06-29,-1.49634886842896,-1.09592666666667,-0.643070491803279,-1.42480766666667,-1.27926724738676,0.2170816210422002
2007-07-31,-4.85341469648562,-3.7313796178344,-4.7215357827476,-4.90463949044586,-6.48344331210191,-1.6300286156162898
2007-08-31,0.509930967741935,-0.456217571884984,-0.901643548387097,-0.842992926045017,-3.72205064102564,-4.231981608767575
2007-09-28,2.8734932038835,3.22503462783172,1.2870213592233,1.77317524868279,-0.062615855569836,-2.936109059453336
2007-10-31,1.90719811385831,2.93661758957655,2.43063606557377,1.00441721854305,0.366215946843854,-1.5409821670144561
2007-11-30,-5.43382508250825,-8.10110716612377,-7.90396118421053,-7.28643695253157,-8.76184713804714,-3.3280220555388897
2007-12-31,-2.30908931724314,-0.612698366013072,-0.320903073061775,0.199125206459867,-2.15659727891156,0.15249203833157976
2008-01-31,-5.47450816572021,-4.33072159468438,-2.90686894197952,-3.53841010101011,-1.34623310344828,4.12827506227193
2008-02-29,-1.83523103448276,-1.25199866220736,-1.71814429065744,-0.881911486486486,-2.69639068965517,-0.8611596551724099
2008-03-31,-2.19501979166667,-2.79789395973154,-0.717393402777777,-1.86363050847458,-3.34618885017422,-1.1511690585075502
2008-04-30,3.14531083916084,5.33255218855219,3.45590350877193,4.09050376712329,2.76686338028169,-0.3784474588791502
2008-05-30,4.31479225352112,5.25053491525424,5.48959858156028,5.62296620689655,0.970360325651786,-3.3444319278693344
2008-06-30,-9.1018640569395,-6.89285593220339,-7.50596558398256,-6.89490763888889,-10.7205847665181,-1.6187207095786
2008-07-31,-2.5001597359736,-1.33754271523179,-1.67303234323432,1.82440264026403,-0.0618059602649006,2.4383537757086993
2008-08-29,1.43576094276094,3.16157350993378,2.537802,1.78853908333334,4.13876258278146,2.7030016400205206
2008-09-30,-13.1443918644068,-14.3904906354515,-12.7574946127946,-10.0678993220339,-10.4442362985581,2.7001555658487
2008-10-31,-23.8597993079585,-25.2416016893648,-23.4517559827791,-19.7632099656357,-23.473084780303,0.3867145276554993
2008-11-28,-13.2443529824561,-14.1002397959184,-12.4998055555556,-10.9612038327526,-15.9762494845361,-2.7318965020799997
2008-12-31,3.48763617021277,5.79922150170648,6.85650507275881,4.70657090280567,3.75179138017282,0.2641552099600504
2009-01-30,-2.66405642857143,-5.8673969072165,-7.55826823104693,-7.0364783508852,-7.04459388489208,-4.380537456320651
2009-02-27,-11.1584277570347,-12.5122159722222,-14.292221942446,-13.8125461818182,-14.6490032608696,-3.4905755038349007
2009-03-31,16.5152535971223,11.0420235087719,12.2967541516245,12.1922747252747,12.0553585185185,-4.4598950786038
2009-04-30,21.4834248175183,26.6619882978723,26.2873305454546,22.2717328413284,22.6338581132075,1.1504332956891972
2009-05-29,10.1821303703704,10.3312911032028,9.05015474452555,9.89360224719101,13.255366539924,3.0732361695535992
2009-06-30,0.748516418650936,-0.536412455516014,-1.17136459854015,0.62042969924812,1.86494312977099,1.116426711120054
2009-07-31,9.03958051470588,11.1803469294544,8.98143405024534,10.3144376383764,14.1697775735294,5.130197058823519
2009-08-31,5.57326346863468,4.30862825278811,3.34724194756554,9.7206963099631,13.5337669117647,7.960503443130019
2009-09-30,8.10857148148149,6.9194156133829,6.33640262172284,6.2698249070632,8.77927851851852,0.6707070370370296
2009-10-30,-3.86631917293233,-4.72454814814815,-4.14583698113208,-5.26574734589702,-8.47729440298508,-4.61097523005275
2009-11-30,3.59751136363636,4.88678178438662,2.60039769230769,4.13818212927757,3.89049513108614,0.29298376744978016
2009-12-31,5.46394057547757,6.25361541353383,5.23511634241245,6.72995076923077,7.33743849056604,1.8734979150884703
2010-01-29,-3.33929382239382,-4.57292943396226,-3.22416431372549,-1.567514453125,0.0780248091603052,3.4173186315541253
2010-02-26,4.73234749034749,4.74456477272727,4.42363705179283,3.92193607843137,5.34959384615385,0.6172463558063601
2010-03-31,6.37236078431373,6.99048674242425,7.08336506024097,7.73009644268774,8.70356186770428,2.3312010833905505
2010-04-30,5.11658671875,5.54824377358491,7.53200481927711,6.38005099601593,10.4695968465547,5.3530101278046995
2010-05-28,-7.91400972762646,-7.52918000175152,-8.40468780487804,-9.1268664,-9.91422808903439,-2.0002183614079305
2010-06-30,-6.35680739299611,-7.30879391634981,-6.06915,-7.16248634538153,-10.0526124497992,-3.6958050568030902
2010-07-30,6.22884141791044,7.4362925093633,7.70883059701492,6.18388689138577,7.70170597014925,1.4728645522388106
2010-08-31,-5.59506479400749,-5.67532415094339,-5.18165985130112,-5.50760150943397,-5.73043656716418,-0.1353717731566899
2010-09-30,12.563230075188,12.1491220731394,10.5225735074627,9.8324422053232,10.5347631334981,-2.028466941689901
2010-10-29,3.45335773584906,5.44986245210728,3.08270371747212,3.45497432950192,4.33987849056604,0.88652075471698
2010-11-30,2.65779090909091,4.40257126436781,3.11809219330855,2.13096192307692,2.6557678030303,-0.0020231060606099582
2010-12-31,7.78973143939394,8.97291455938697,8.65552284644195,7.94691698841698,9.17638813504615,1.38665669565221
2011-01-31,0.121060227272727,1.25214069767442,2.02010833333334,1.0305496124031,1.11236352941176,0.991303302139033
2011-02-28,4.52049278201985,4.54840930232558,4.43131401515151,4.37932170542635,4.89968346456693,0.37919068254708055
2011-03-31,2.44576168582376,1.21366420233463,1.40566425855513,1.360342578125,-0.404580849574503,-2.850342535398263
2011-04-29,2.89664559386973,0.977599609375,0.711166159695819,1.5674143425102,-0.319147580645161,-3.215793174514891
2011-05-31,-1.23908687258687,-2.60144078431372,-2.98791174242424,-3.18596968446215,-2.02222064777328,-0.7831337751864098
2011-06-30,-1.35402856827519,-2.37238779527559,-2.8355375,-2.11693848778427,-2.98677032520325,-1.63274175692806
2011-07-29,-3.98707481203008,-2.31642954545455,-1.96466679245283,-1.84475187969925,-3.51953483146067,0.46753998056941004
2011-08-31,-7.34495962264151,-8.50783522727273,-7.91719545454546,-9.32295735849056,-9.88011203007519,-2.5351524074336806
2011-09-30,-12.1819106060606,-14.5677581132075,-12.3668339694657,-11.6498337314434,-10.5927619302712,1.5891486757893993
2011-10-31,15.2331809160305,16.3064306818182,16.0367213740458,13.5760948428496,10.7540242424243,-4.4791566736062
2011-11-30,-1.89010383141763,-1.42158212927757,-0.373280916030534,-0.756048837209303,-3.59897099236641,-1.70886716094878
2011-12-30,-0.694135632183908,-1.53179201520912,-0.561706896551724,0.183747286821705,0.0831671814671814,0.7773028136510893
2012-01-31,9.85989420849421,9.4515247148289,6.98388185328185,8.103571875,8.32493828125,-1.5349559272442086
2012-02-29,3.06487837837838,3.07650458015267,3.41087015503876,3.33152001572706,5.1856558743451,2.12077749596672
2012-03-30,2.5089007751938,0.599314615384616,0.845308968603875,0.779795669291338,3.7464251968504,1.2375244216566
2012-04-30,-1.775194921875,-0.792118007662835,-0.96221875,-1.60629090909091,-1.49781485943775,0.27738006243725
2012-05-31,-7.49698666666667,-9.23808992248062,-8.8115831372549,-8.36283873517787,-7.64398674698795,-0.14700008032127965
2012-06-29,2.05478611111111,3.27685546875,2.8308968627451,4.73154268774704,3.87126639676113,1.81648028565002
2012-07-31,-0.886589772727273,0.446823954372623,-0.634291634980989,-0.32672319391635,-2.65508441064639,-1.7684946379191167
2012-08-31,4.86417509578544,3.37850988593156,3.98739809160305,2.63257300380228,4.66287794676806,-0.20129714901738005
2012-09-28,4.02356377226054,3.69498740458015,3.84180419847328,4.57670380228137,4.61895171102662,0.5953879387660796
2012-10-31,-1.31302684824903,-1.1522337164751,-0.296115648854961,-0.231716730038023,-1.02367892720307,0.28934792104595997
2012-11-30,0.709728488811372,1.57924884615385,0.0037207692307696,-0.289712643678161,0.462422988505747,-0.24730550030562498
2012-12-31,1.84466746031746,2.38445426356589,3.37550038461538,3.31480267175572,4.22393629343629,2.3792688331188296
2013-01-31,6.48573292682926,6.57093891050584,6.12522239382239,7.00389272030652,7.6106671875,1.1249342606707398
2013-02-28,-0.531456378600824,-0.5462234375,-0.133222178988327,-0.210549615384615,0.289007738110672,0.8204641167114959
2013-03-28,3.86335163934426,4.51851397617953,3.243987109375,4.3025471042471,4.900058032256,1.0367063929117402
2013-04-30,-0.232466804979253,-2.00570909090909,-1.63940980392157,-0.329230232558139,-2.22018866396761,-1.987721858988357
2013-05-31,2.89052761506276,4.29950912698412,2.40060156862745,3.39890233463035,4.99106611570248,2.1005385006397197
2013-06-28,-2.16684225941423,-2.30485418326693,-1.85174387351779,-2.2012719844358,-1.23184666666667,0.93499559274756
2013-07-31,7.00983267716535,7.6110873015873,6.73997114624506,6.92937509881423,6.74162165354331,-0.2682110236220394
2013-08-30,-1.68384087301587,-2.59500396825397,-2.73589683794466,-2.0697837944664,-1.69855793650794,-0.014717063492069915
2013-09-30,6.13294618473896,5.32196205533597,4.090278,5.24303928571429,5.306904,-0.8260421847389594
2013-10-31,2.66560963855422,2.74626968503937,4.06321927710843,4.320897903678,3.54418,0.8785703614457798
2013-11-29,3.67769230769231,2.07019407114625,1.8823036437247,1.44618582995951,4.18795951417004,0.5102672064777303
2013-12-31,3.45106040816326,2.45629288537549,2.14833400809717,2.25072571428571,2.60355532786885,-0.8475050802944102
2014-01-31,-0.730130327868852,-2.25752589641434,-2.06266684087733,-2.61421818181818,0.92059670781893,1.650727035687782
2014-02-28,4.87320740740741,5.59603306772908,5.83456040816326,6.25852685950413,4.74515473251028,-0.12805267489712957
2014-03-31,-0.250330578512397,1.1227944,0.575966122448978,0.793535123966942,1.49184773662552,1.742178315137917
2014-04-30,-2.75225371900826,-1.70064176706827,-0.788697131147541,-1.05805371900826,-2.76722148399422,-0.014967764985959864
2014-05-30,1.04355884773663,0.870496774193548,0.945965983606558,-0.498273140495868,-1.09295996802101,-2.13651881575764
2014-06-30,3.42056378600823,5.16457959222169,5.11207768595042,6.04807178423236,4.38653404255319,0.9659702565449595
2014-07-31,-3.74248076923077,-5.23366911196911,-5.33720694980695,-5.80574076923077,-4.50278961538462,-0.7603088461538494
2014-08-29,5.09617821011673,3.19935775193798,3.95303255813954,4.89729498069498,3.89984092664093,-1.1963372834758004
2014-09-30,-4.84729409448819,-5.19128210116731,-6.95313929961089,-7.67158146718147,-9.09443178294573,-4.247137688457539
2014-10-31,3.45739090909091,2.96207743190661,3.24524435797665,1.33885310077519,-3.84209299610895,-7.29948390519986
2014-11-28,0.452282936507937,-0.666584435797665,-2.37575953307393,-1.89003178294574,-2.537414453125,-2.9896973896329366
2014-12-31,0.484494841269841,0.61214375,1.141990234375,0.998176744186047,0.747885363218749,0.263390521948908
2015-01-30,-3.73533,-4.4642743083004,-3.97590632411067,-3.25176456050389,-4.69985992063492,-0.9645299206349205
2015-02-27,8.3939324,7.17672529644268,7.90773134920635,5.03297637795275,5.56648864541833,-2.8274437545816706
2015-03-31,0.0753220883534138,0.596492063492064,-0.774480158730158,-0.480363888888889,-3.2688908,-3.3442128883534137
2015-04-30,-1.1078152892562,1.3387916,2.67471071428571,1.06724779116466,4.84748830645161,5.95530359570781
2015-05-29,0.020209128630705,0.344978629032258,-0.910906,-0.856968674698795,-1.96361370967742,-1.983822838308125
2015-06-30,-1.13538791666667,-0.759525101214575,-1.58794251012146,-2.48371757912016,-3.19912177419355,-2.0637338575268798
2015-07-31,-1.20443151750973,-2.82159699224651,-3.02046031128405,-4.860146692607,-11.5294110097368,-10.324979492227069
2015-08-31,-6.512519921875,-5.65654488188977,-5.226533203125,-3.86891875,1.67673266932271,8.18925259119771
2015-09-30,-4.7487279527559,-5.27269448818898,-3.73260666666667,-5.03627505027362,-10.8846759036145,-6.135947950858601
2015-10-30,6.82197786561265,5.41914803149606,5.97256572509252,6.77353636363637,4.79872226720648,-2.0232555984061706
2015-11-30,1.28326653386454,0.863441666666666,1.05099644268775,0.779806746031746,-2.81372479674797,-4.09699133061251
2015-12-31,-5.11510876494024,-5.19092549800797,-6.26800197628458,-5.70193871314762,-8.62717283950617,-3.512064074565929
2016-01-29,-7.5120165203456,-7.10318387096774,-5.54205555555556,-8.9960064,-13.7769115842842,-6.264895063938599
2016-02-29,2.49377469879518,1.89339551020408,1.93445786271155,0.613314516129031,3.89663050847458,1.4028558096793997
2016-03-31,7.7297931451613,8.49991926229508,8.69077590361446,10.8546659836066,16.6413165957447,8.911523450583402
2016-04-29,2.9844868852459,2.94351784232365,4.7082995951417,6.6488867768595,14.1169193133047,11.1324324280588
2016-05-31,1.43923701661598,0.286730705394192,-0.580570204081632,-1.49137066115702,-6.12616883116883,-7.56540584778481
2016-06-30,-1.09303958333333,-0.771385282125523,0.0801894169934427,-0.0698929752066119,4.87076419213974,5.96380377547307
2016-07-29,5.41812821576763,6.72984556962026,4.66795690376569,3.98924916666667,6.15265791666667,0.7345297008990403
2016-08-31,1.58788361344538,0.417322649572649,2.29376848739496,2.58188583333333,-0.16341440677966,-1.7512980202250399
2016-09-30,1.18073263598327,1.50215431034483,1.69919537815126,1.11652928870293,1.93695574468085,0.7562231086975801
2016-10-31,-5.27456923076923,-4.79987629310345,-3.52272447257384,-3.05505504201681,-5.85776666666667,-0.5831974358974401
2016-11-30,5.46806147186147,9.81023815789474,9.93429113924051,10.4351345991561,11.2820905982906,5.814029126429129
2016-12-30,0.601492139737992,1.50171283185841,1.89230421940928,3.73849297286076,3.55783034188034,2.956338202142348
2017-01-31,3.08708008849557,1.88125381165919,1.17420936170213,0.854940343347639,4.4429025751073,1.3558224866117299
2017-02-28,2.36653526785714,1.03649504504505,1.55492297872341,0.58983577586207,-3.15215278969957,-5.51868805755671
2017-03-31,0.762855,0.317747058823529,-1.47018111587983,0.153725700393074,-1.23252251082251,-1.99537751082251
2017-04-28,2.12418853211009,0.17407,-0.0852616268521735,-0.337610043668123,-3.2878645021645,-5.4120530342745905
2017-05-31,-0.56254537037037,-1.76999539170507,-1.75904920757181,-2.53065745614035,-6.1314752173913,-5.56892984702093
2017-06-30,2.69254813084112,2.15925231481482,3.34165937305156,2.14802202643172,3.58740739130435,0.8948592604632299
2017-07-31,-0.150140707964602,0.814713777777777,1.02962212389381,1.247852,0.91934449339207,1.069485201356672
2017-08-31,-0.670408808041964,-2.06278520179372,-2.46509247787611,-2.19507578475336,-3.13497699115044,-2.464568183108476
2017-09-29,5.8874371040724,6.6655269058296,6.29480398230088,6.03832943520856,6.23449686098655,0.3470597569141498
2017-10-31,0.64296901830137,1.91594090909091,-0.289456950672646,0.729523636363637,0.711720454545455,0.06875143624408497
2017-11-30,3.20550925925926,3.90609360730594,4.26502567567568,3.14066318181818,2.75468617511521,-0.45082308414405015
2017-12-29,0.95809953271028,1.30784447909406,1.21850227272727,2.35014545454546,1.34183842592593,0.3837388932156499
2018-01-31,3.14060235849057,2.80298379629629,1.85975570776256,1.48363899082569,2.72495821596244,-0.4156441425281301
2018-02-28,-3.30037857142857,-6.03309209302325,-4.79706210045662,-4.72970967741935,-6.9034676056338,-3.60308903420523
2018-03-29,-0.194261611374408,0.887556807511737,1.52340504587156,2.12914953703704,0.994792417061612,1.18905402843602
2018-04-30,-0.23712619047619,1.15105734597156,1.90413271889401,2.40705255813953,3.65992654028436,3.89705273076055
2018-05-31,4.82081961722488,3.53276492890995,4.76214562211982,3.16065023255814,3.32206346153846,-1.4987561556864204
2018-06-29,0.338712980769231,1.53243875598086,0.699271889400921,0.292101401869158,0.472406698564593,0.133693717795362
2018-07-31,2.83702577777778,1.42707822222222,1.91467155555555,0.330540888888888,0.0679733333333332,-2.769052444444447
2018-08-31,3.89238230088495,1.94068933333333,1.44779866666667,1.73509411764706,-1.0312625,-4.92364480088495
2018-09-28,0.518132000000001,-0.305908222750222,-2.160071875,-0.189879638009051,-2.01780491071428,-2.535936910714281
2018-10-31,-11.3452282511211,-10.2026081081081,-8.63472499999999,-7.63307272727273,-10.4909977578475,0.8542304932735991
2018-11-30,2.10765863636364,0.351497727272727,-0.224530493273542,-1.1375095890411,-4.39326188340807,-6.50092051977171
2018-12-31,-11.7619775229358,-11.7043826484018,-10.1467468468468,-11.2599108102415,-13.6324075397523,-1.870430016816501
2019-01-31,15.5241637700596,13.0972660836055,11.5565515048643,12.2357299515977,14.1766587155963,-1.3475050544632996
2019-02-28,5.08739537037037,3.64845092592593,4.09396684625091,2.87515348837209,2.12299677419355,-2.96439859617682
2019-03-29,-1.50967395348837,-1.01159488372093,-3.38246666666666,-1.45775488372093,-2.53480411043023,-1.02513015694186
2019-04-30,3.28103935185185,3.11111238095238,3.24640136986301,3.58592186046512,2.82891619047619,-0.4521231613756602
2019-05-31,-9.41630925925925,-9.25618076923077,-8.85429861111111,-9.60777056074767,-11.8079052884615,-2.3915960292022493
2019-06-28,8.84073194444444,8.20538792270532,7.54482592592593,6.58806713615024,5.68677826086956,-3.1539536835748807
2019-07-31,0.765902097637442,0.136992660550459,-0.807599543378995,-1.03648204737202,-1.35819541284404,-2.124097510481482
2019-08-30,-3.49189315068493,-5.23018837209302,-5.10898127853881,-6.17525963302752,-9.27591697247706,-5.784023821792129
2019-09-30,1.82812546296296,4.44910747663551,4.41468447488584,5.1198603686636,6.35322857142858,4.52510310846562
2019-10-31,1.14000412844037,1.27034131455399,-0.809425114155251,-1.32075138888889,-1.73333674418605,-2.87334087262642
2019-11-29,5.70702660550458,3.05387393364929,0.718054587155964,2.2018625,0.572327102803739,-5.13469950270084
2019-12-31,2.62083669724771,3.16725402843602,5.33650921658986,5.30362038535442,12.1288396226415,9.50800292539379
2020-01-31,-1.51560599078341,-3.57691338921154,-2.17937788018433,-3.6916691943128,-9.05092415458937,-7.535318163805961
2020-02-28,-7.98520976744186,-9.51561756097561,-10.8728237209302,-8.82859526066351,-8.33976650485437,-0.35455673741251115
2020-03-31,-21.6796535211268,-20.996867325647,-24.1978032407408,-30.306236492891,-28.3038643902439,-6.6242108691171
2020-04-30,16.9240052132701,19.3770356435644,19.8297657407407,20.6298732057416,31.3153772277228,14.391372014452699
2020-05-29,9.97425913461538,5.2015263681592,2.19772325581395,3.85986394230769,1.20290646766169,-8.77135266695369
2020-06-30,5.45015555555556,4.68514900990099,3.2591465116279,6.58921111111111,7.45774966296955,2.00759410741399
2020-07-31,8.70529478672985,7.16472322274881,3.80872619047619,2.75266587677725,3.27573142857143,-5.42956335815842
2020-08-31,6.15292105263158,4.84035450236967,3.47509082125604,5.37471563981043,6.38760585365854,0.23468480102696
2020-09-30,-2.70611291866029,-2.92213033175356,-5.78810434782609,-4.53851,-5.04242771231527,-2.3363147936549797
2020-10-30,1.25570769230769,4.00246095238095,2.47505048543689,1.84582296650718,-0.202275303879999,-1.457982996187689
2020-11-30,17.7968077294686,16.3271922705314,19.2281779411765,20.2874086124402,25.7631297979798,7.9663220685112
2020-12-31,8.02562512077295,7.10052415458937,8.70276960784314,8.30146937799043,13.7503096446701,5.7246845238971495
2021-01-29,3.47996048780488,7.67666947197087,7.40034926108375,15.02660625,11.4878939086294,8.007933420824521
2021-02-26,6.51924558823529,7.23441460136207,9.8859763546798,12.15935,17.4695795918367,10.950334003601409
2021-03-31,1.46793317073171,4.06693930348259,4.59810344827586,4.08624780487805,7.42453010204082,5.95659693130911
2021-04-30,3.42910882352941,2.206027,3.46973891625616,1.00739693920882,3.55094693877551,0.12183811524610011
2021-05-28,0.212170731707317,2.777241,3.65878620689655,4.78966616915422,9.55566666666666,9.343495934959343
2021-06-30,1.26400487804878,0.763721000000001,0.903647029702971,-0.3056605,1.43531917098446,0.1713142929356799
2021-07-30,-1.21320047169811,-2.88830518867924,-3.02414952830189,-2.6971679245283,-4.94525660377359,-3.73205613207548
2021-08-31,1.03409095238095,0.891072511848343,1.28152358490566,1.43735095238095,2.53650995260663,1.50241900022568
2021-09-30,-4.83847081339713,-3.08781081629762,-2.51151101406793,-0.934743269230769,3.66247952380952,8.50095033720665
2021-10-29,6.2073652173913,4.06848846153846,4.2265355450237,3.09295707317073,3.19487559808613,-3.01248961930517
2021-11-30,-4.38634611650485,-3.80467632850241,-3.21703095238095,-3.74467414634146,-6.63076231884058,-2.2444162023357306
2021-12-31,0.544652427184465,1.97466328502415,2.68043588516747,1.2883318627451,3.04508737050732,2.5004349433228548
2022-01-31,-10.6611965686274,-7.71251642512077,-4.03206315789474,-1.99243673725294,0.296406604073399,10.957603172700798
2022-02-28,-0.855200990099009,1.56471778846154,2.65852679425837,-0.193232673267326,7.323065,8.178265990099009
2022-03-31,2.25117064676617,4.35531682692308,3.46065664226522,2.75495323383084,7.26094271356784,5.00977206680167
2022-04-29,-11.217136453202,-8.87794641148326,-7.95214854368932,-7.70154577114428,-3.67734242424242,7.53979402895958
2022-05-31,-2.75773823529412,0.381242028985507,0.741105365853659,2.34082935323383,3.94509848484848,6.702836720142599
2022-06-30,-8.65176519607843,-10.4339242718447,-10.1514936585366,-11.2111875,-14.3315825632975,-5.679817367219071
2022-07-29,10.8362519650655,11.3330214912281,9.55266622807017,6.34610396475771,5.61454934497817,-5.22170262008733
2022-08-31,-1.90145726872247,-2.58659260869565,-1.46030394736842,-1.57809824561404,0.719225991189427,2.620683259911897
2022-09-30,-8.92854801762114,-11.6342557017544,-11.2347061403509,-11.2905991150442,-10.1454008888889,-1.2168528712677613
2022-10-31,9.09201637168142,11.5646885462555,10.3805371179039,10.7356555555556,11.4102932432432,2.3182768715617783
2022-11-30,4.311234375,2.53988008849557,1.05244328754009,3.63604414414415,3.09744676530094,-1.2137876096990596
2022-12-30,-5.81865919282511,-8.362948,-7.96940755555556,-5.95855972850679,-3.09546682464455,2.72319236818056
2023-01-31,13.5872653153153,14.6253591928251,12.6551115211058,11.3383114155251,10.7015456730769,-2.8857196422383993
2023-02-28,-1.12186396396396,-3.01517601809955,-3.53550900900901,-2.57886697247707,-0.28046201923077,0.84140194473319
2023-03-31,-1.87024504504505,-2.17336063348416,-6.4184536036036,-6.01017110091743,-3.20530732269272,-1.33506227764767
2023-04-28,-2.82464253393665,-4.50878863636364,-3.27782840488643,-0.676708294930876,-2.0812197044335,0.74342282950315
2023-05-31,1.01183665158371,0.369410909090909,-4.07385936073059,-4.60319539170507,-4.58240049751243,-5.5942371490961404
2023-06-30,8.36302850678732,8.71161681818182,6.88842385321101,8.02293703703703,8.577301037486,0.2142725306986808
2023-07-31,3.27253009637313,6.22429778761062,8.19776283185841,9.20335707964602,7.1435628318584,3.87103273548527
2023-08-31,-4.74793452914798,-5.76198887448274,-4.54844867256637,-5.62624222222223,-3.96746977777778,0.7804647513702005
2023-09-29,-6.48982579185521,-5.87398878923767,-3.36903511111111,-5.00182633928572,-5.09709330357143,1.3927324882837793
2023-10-31,-6.58223789954338,-5.21672792792793,-5.87286,-4.758633632287,-6.63529600214887,-0.05305810260548949
2023-11-30,9.10067522935779,8.36595610859729,7.156571875,7.55738080357144,9.05485342465754,-0.04582180470024966
2023-12-29,8.98620277777778,9.72667909090909,7.04193755656108,8.96410803571428,8.98851813953489,0.0023153617571090024
2024-01-31,-3.40185740740741,-3.10600733944954,-4.33374099099099,-5.35983883928571,-3.29889483568075,0.10296257172666001
2024-02-29,5.87563348837209,4.01112857142857,3.62164636363636,3.2255570162183,1.58598356807512,-4.28964992029697
2024-03-28,4.04806790697674,4.72305437788018,7.20318090909091,5.87119730941704,10.5433323521127,6.49526444513596
2024-04-30,-5.66543286384976,-5.37413333333333,-5.00246363636363,-5.82068243243243,-4.68694641148326,0.9784864523665
2024-05-31,2.56432971698113,6.52185138888889,4.67474794520548,19.0772720720721,7.2067927184466,4.642463001465471
2024-06-28,-1.13308341232228,-3.51688511627907,-3.54309220183486,-4.83013846153846,-3.67794827586207,-2.54486486353979
2024-07-31,5.8873027027027,6.90072714932126,7.03463981900452,9.54255409166245,6.54227252252252,0.6549698198198204
2024-08-30,-0.920797285067873,-2.60545475113122,-1.37087716894977,-1.77369360730594,-1.6752095890411,-0.7544123039732271
2024-09-30,2.2093294117647,1.8917592760181,0.24813105022831,-0.321359391315069,1.81317281105991,-0.3961566007047901
2024-10-31,-1.99737623318386,-0.604607692307691,-1.08680092165899,-0.415022119815668,-0.139912037037037,1.857464196146823
2024-11-29,11.7148730941704,12.6677827272727,8.51421566820276,8.62305668202765,6.97771728971963,-4.7371558044507704
2024-12-31,-5.66473590909091,-7.43877844036697,-7.78475023041475,-4.62418691588785,-2.30943224299065,3.3553036661002604
