date,Q1,Q2,Q3,Q4,Q5,spread
1951-01-31,6.16702,8.27006666666667,6.5227,10.0002,3.22156,-2.9454599999999997
1951-02-28,0.338149999999996,4.24125,1.66034,-0.79726,5.38061666666667,5.042466666666674
1951-03-31,-1.62184285714286,-0.925857142857143,-4.37118333333333,-4.71758571428572,-4.92431428571429,-3.3024714285714305
1951-04-30,4.11074,2.82727777777778,2.62664444444445,2.17847777777778,3.11407,-0.99667
1951-05-31,-2.94081538461539,2.26915833333333,2.25412307692308,-1.66128333333333,-3.07120769230769,-0.13039230769230015
1951-06-29,-6.94447857142857,-4.56956428571429,-3.73843076923077,-6.05822142857143,-5.43625714285714,1.5082214285714306
1951-07-31,7.0262895522388,6.85155846153846,6.25736212121212,6.94447575757575,7.57218955223881,0.5459000000000103
1951-08-31,3.90561884057971,5.24553088235294,5.31774057971015,5.07400294117647,5.2261536231884,1.3205347826086897
1951-09-28,0.734394285714285,1.88642857142857,1.85958550724638,2.34250428571429,2.18364857142857,1.449254285714285
1951-10-31,-3.02724929577465,-3.01521690140845,-2.12055070422535,-2.45352957746479,-2.0669323943662,0.9603169014084498
1951-11-30,1.19507945205479,1.13814084507042,1.72202222222222,1.74218333333333,0.88616712328767,-0.30891232876712005
1951-12-31,2.86226164383562,3.40726575342466,2.46328219178082,1.31491780821918,0.776619178082191,-2.085642465753429
1952-01-31,2.02166891891892,1.32304383561644,0.773412328767122,1.51889589041096,1.36105810810811,-0.6606108108108102
1952-02-29,-4.12011216216216,-2.97733150684931,-2.93894520547945,-1.90301232876712,-0.95635,3.16376216216216
1952-03-31,2.07156081081081,2.27711917808219,3.51356438356164,2.87284520547945,3.27411756756757,1.2025567567567603
1952-04-30,-5.64678513513513,-3.65320410958904,-4.98168378378378,-4.54668219178082,-4.99328378378378,0.6535013513513501
1952-05-29,2.45829189189189,3.60442702702703,2.52371917808219,2.75677432432432,1.42647702702703,-1.0318148648648602
1952-06-30,2.74755405405405,3.72974189189189,3.68996712328767,3.14618378378378,4.82546621621622,2.0779121621621695
1952-07-31,-0.249832894736842,2.2767052631579,1.627684,0.68693157894737,1.516025,1.765857894736842
1952-08-29,-0.00250263157894761,-0.787890789473685,0.246559999999999,-0.636752631578947,0.267447368421053,0.2699500000000006
1952-09-30,-2.28281578947368,-1.83756666666667,-2.149775,-1.678524,-1.55258947368421,0.73022631578947
1952-10-31,-0.906757894736842,-0.965232,-2.0610697368421,-1.44152133333333,-0.714626315789473,0.19213157894736899
1952-11-28,6.17634605263158,5.18746266666667,6.18811184210526,6.483892,7.15358289473684,0.9772368421052606
1952-12-31,2.48512763157895,2.52478266666667,1.91546973684211,2.130052,2.40523157894737,-0.07989605263157973
1953-01-30,-0.304211842105263,0.340667105263159,1.66438666666667,2.64564605263158,4.27098815789474,4.575200000000003
1953-02-27,1.51332631578947,0.208419736842106,-0.0265786666666668,1.56742763157895,0.689503947368421,-0.8238223684210491
1953-03-31,-0.0258039473684206,-0.637209210526316,-2.276744,-0.802046052631579,-1.80724078947369,-1.7814368421052693
1953-04-30,-2.03463684210526,-2.06597368421053,-1.97568533333333,-1.70257236842105,-1.30197368421053,0.73266315789473
1953-05-29,1.16631315789474,0.662125333333333,0.661084210526316,1.07765733333333,0.313597368421052,-0.8527157894736881
1953-06-30,-2.06566578947368,-2.69487466666667,-2.15648552631579,-3.09133866666667,-4.45072763157895,-2.38506184210527
1953-07-31,2.65552368421053,1.83655789473684,2.64104666666667,1.29601052631579,2.09747368421053,-0.5580500000000002
1953-08-31,-3.26690526315789,-4.05330789473684,-4.519972,-5.20679473684211,-6.51921447368421,-3.25230921052632
1953-09-30,0.230913157894736,-0.280201315789474,0.327281578947369,-0.662773684210527,0.000390789473684059,-0.23052236842105192
1953-10-30,2.65156184210526,3.50351184210526,4.34598157894737,4.918425,5.67614868421052,3.02458684210526
1953-11-30,2.95825394736842,2.54936710526316,3.26773289473684,2.86705657894737,1.82916052631579,-1.1290934210526302
1953-12-31,-0.173894736842105,0.144871052631579,0.179749999999999,-0.433580263157895,-2.27019078947368,-2.0962960526315753
1954-01-29,4.599375,5.18760131578947,7.39468289473684,6.60009342105263,8.02759605263158,3.4282210526315797
1954-02-26,0.73932105263158,1.3421947368421,2.45887105263158,1.80603026315789,1.52258947368421,0.7832684210526301
1954-03-31,2.72083157894737,2.44345,3.42088421052632,2.81870657894737,4.30552763157895,1.5846960526315796
1954-04-30,2.39969342105263,2.41370526315789,2.879476,2.0631697368421,0.904801315789474,-1.494892105263156
1954-05-28,3.33031578947368,2.58200394736842,3.80509342105263,4.70870789473684,5.6740302631579,2.34371447368422
1954-06-30,1.38791184210526,2.64603815789474,1.94669868421053,1.93293289473684,1.37501315789474,-0.012898684210520095
1954-07-30,5.28052307692308,6.20918205128205,5.5106987012987,7.56002948717949,10.1376384615385,4.857115384615421
1954-08-31,-2.43653333333333,-2.24336538461538,-1.95180519480519,-1.7043717948718,-1.74215128205128,0.6943820512820502
1954-09-30,4.61415641025641,5.26455974025974,5.98118717948718,5.71110779220779,5.61781666666666,1.0036602564102504
1954-10-29,-1.09566923076923,-0.364214285714285,-1.18146153846154,1.02512857142857,0.848266666666667,1.943935897435897
1954-11-30,10.5158884615385,8.81917142857143,10.4743923076923,9.26175194805195,11.9278871794872,1.4119987179487001
1954-12-31,7.02984871794872,4.52795064935065,5.90082051282051,8.07433896103896,11.6774897435897,4.647641025640979
1955-01-31,-0.918652564102564,-0.499897402597403,2.26046025641026,1.97829220779221,2.85201923076923,3.770671794871794
1955-02-28,4.02346025641026,4.49454545454545,3.67234102564103,5.46676623376623,4.55520897435897,0.5317487179487097
1955-03-31,0.973283333333333,-1.26248701298701,-0.432028205128205,1.16643896103896,0.395285897435898,-0.5779974358974349
1955-04-29,3.51884615384615,2.6239025974026,2.87593717948718,1.37883896103896,2.61341794871795,-0.9054282051281999
1955-05-31,1.39413766233766,2.33514155844156,0.411553246753246,1.45484285714286,0.353975324675324,-1.040162337662336
1955-06-30,4.46825194805195,4.35383246753247,3.13512987012987,3.81653766233766,4.76018051948052,0.29192857142856976
1955-07-29,0.62748831168831,-0.0410545454545454,1.08830921052632,1.77580526315789,1.0927,0.46521168831169
1955-08-31,0.901341558441557,0.320397402597403,1.84539868421053,-0.0533103896103894,1.83222207792208,0.930880519480523
1955-09-30,-1.42349220779221,-1.1487948051948,-0.592637333333334,-0.0685883116883121,-0.405001298701299,1.0184909090909111
1955-10-31,-3.01885064935065,-2.10036710526316,-2.17043552631579,-0.901235064935065,-0.847231168831169,2.1716194805194813
1955-11-30,6.61713376623377,6.5472038961039,5.39534078947368,5.85518571428572,6.31953506493506,-0.2975987012987096
1955-12-30,3.72313246753247,2.8955,2.18414736842105,2.47776753246753,2.39103896103896,-1.3320935064935102
1956-01-31,-3.94906363636364,-3.22855263157895,-3.22684415584416,-2.48359736842105,-2.06030649350649,1.8887571428571501
1956-02-29,4.85012597402598,4.04884078947368,3.50555526315789,2.78313026315789,3.99401558441558,-0.8561103896104001
1956-03-29,8.68295714285714,4.80645,6.46491428571428,5.40902763157895,5.57736753246753,-3.1055896103896092
1956-04-30,2.26702987012987,2.00368552631579,0.238363157894738,0.292222368421053,1.03348181818182,-1.23354805194805
1956-05-31,-5.60745844155844,-3.69304935064935,-3.9225302631579,-4.27866493506494,-4.54242337662338,1.06503506493506
1956-06-29,4.41047012987013,3.07670649350649,2.81816753246753,2.59805324675325,2.27442894736842,-2.13604118250171
1956-07-31,4.1617858974359,4.08428205128205,4.00425769230769,4.69807564102564,6.11728717948718,1.95550128205128
1956-08-31,-2.75727088607595,-2.35365584415584,-1.13245256410256,-1.24121794871795,0.0204949367088607,2.7777658227848105
1956-09-28,-6.39027341772152,-4.03747564102564,-3.71865696202532,-3.43761666666667,-2.47292151898734,3.91735189873418
1956-10-31,0.425470886075949,0.665935443037976,0.771576923076923,1.31083037974684,1.7749746835443,1.349503797468351
1956-11-30,0.0323898734177223,2.80051518987342,-0.889838461538461,0.549115189873417,0.870996202531646,0.8386063291139237
1956-12-31,4.40834556962025,4.85580253164557,3.11226538461538,2.00029620253164,3.39292405063291,-1.0154215189873401
1957-01-31,-3.2056582278481,-0.737525316455696,-1.14709746835443,-0.813977215189874,0.272682278481013,3.478340506329113
1957-02-28,-1.61639375,-2.10037692307692,-2.49409746835443,-2.22942278481013,-3.50731125,-1.8909174999999998
1957-03-29,3.37168860759494,1.07991772151899,2.61882025316456,1.93071518987342,2.55333164556962,-0.8183569620253199
1957-04-30,5.59245316455696,2.32294556962025,2.9716582278481,2.27264556962025,2.64205189873418,-2.95040126582278
1957-05-31,4.11736962025316,2.69472911392405,3.07845769230769,0.881558227848101,1.49857848101266,-2.6187911392405
1957-06-28,0.756698734177215,-0.233593670886075,-1.36001025641026,-1.11234936708861,-0.79433417721519,-1.5510329113924048
1957-07-31,0.295984999999999,1.13221,-0.0484537500000003,0.329753750000001,1.00913875,0.7131537500000009
1957-08-30,-6.2021375,-4.90766125,-4.59738375,-4.230595,-5.794185,0.4079525000000004
1957-09-30,-6.71771875,-5.09613125,-3.8713088607595,-4.74447,-4.58674625,2.1309725000000004
1957-10-31,-5.96461875,-4.4375475,-5.19531012658228,-4.46909375,-6.3809925,-0.41637375
1957-11-29,5.45638,2.73832375,2.42031392405063,2.58015875,1.46484,-3.9915400000000005
1957-12-31,-4.397725,-3.66192125,-3.96592658227848,-3.89726,-6.70527,-2.3075449999999993
1958-01-31,6.74824,6.2475475,9.62836329113924,9.88389625,12.17357875,5.425338750000001
1958-02-28,-1.52152,-0.695478750000001,-0.877528750000001,-0.9114625,-0.120395000000001,1.401124999999999
1958-03-31,4.42176875,3.8298925,3.69783625,4.6706875,4.0520375,-0.36973125000000007
1958-04-30,2.850405,1.70197125,2.4817,1.815765,1.6945625,-1.1558424999999999
1958-05-29,3.92711975308642,2.28759375,3.8874425,2.95701875,4.16819382716049,0.24107407407406978
1958-06-30,2.71295679012346,2.5984075,3.10740375,2.4907425,2.75706913580247,0.04411234567901001
1958-07-31,6.41058395061728,4.28319012345679,4.84839382716049,5.80622469135803,6.40582345679012,-0.004760493827159706
1958-08-29,3.70370864197531,1.90194197530864,3.73126666666667,4.48066296296296,3.87116666666667,0.16745802469135995
1958-09-30,3.8350024691358,4.6901024691358,4.80176419753086,6.34918395061728,6.64016049382716,2.8051580246913606
1958-10-31,3.48791219512195,2.07974683544304,3.25570740740741,2.3735975308642,4.43302073170732,0.9451085365853698
1958-11-28,4.88856219512195,3.40289625,6.27777407407407,5.69858765432098,2.84904146341463,-2.03952073170732
1958-12-31,4.84676097560976,4.2165475,4.31227407407407,4.10554197530864,4.02848170731707,-0.8182792682926898
1959-01-30,0.440859259259259,3.64958375,2.98783,3.7028225,6.14338641975309,5.702527160493831
1959-02-27,4.18075555555555,2.5523625,3.37667,3.07056375,4.32745555555556,0.1467000000000107
1959-03-31,1.50878641975309,0.600775949367089,2.125105,-0.298725,2.04950864197531,0.5407222222222201
1959-04-30,4.10076419753086,3.323895,2.25482625,4.18706875,3.02074197530864,-1.0800222222222198
1959-05-29,1.19488271604938,2.6100582278481,2.52825,-0.0547200000000004,1.96815555555556,0.7732728395061801
1959-06-30,3.46146172839506,0.8913,0.409167500000001,0.865855000000002,0.814492592592593,-2.6469691358024674
1959-07-31,2.28112592592593,3.04934938271605,3.04456375,3.32125925925926,3.83482839506173,1.5537024691358
1959-08-31,-2.80673456790123,-2.42020987654321,-1.79493125,-1.56302839506173,-0.749966666666667,2.056767901234563
1959-09-30,-4.77092592592593,-4.89731851851852,-4.40652469135802,-4.59461358024692,-3.02455061728395,1.74637530864198
1959-10-30,2.74935679012346,4.2356,3.05978641975309,1.5356975308642,2.03959382716049,-0.7097629629629703
1959-11-30,3.13774444444445,1.61822469135802,0.947659259259258,1.6168,3.20340617283951,0.06566172839505979
1959-12-31,3.87391851851852,2.39021481481482,2.56492716049383,2.64644197530864,0.78082962962963,-3.09308888888889
1960-01-29,-8.27781463414634,-6.2753037037037,-6.32171111111111,-3.82115925925926,-3.53620121951219,4.74161341463415
1960-02-29,2.38895243902439,1.69051481481482,0.116176543209877,1.04406419753086,0.629081707317073,-1.7598707317073168
1960-03-31,-2.81684756097561,-2.35778271604938,-2.37629634146341,-1.98591358024691,-3.17291463414634,-0.35606707317072983
1960-04-29,-2.57789878048781,-1.84721111111111,-0.663482926829269,-1.67631358024691,-1.2088743902439,1.36902439024391
1960-05-31,6.89143780487805,4.7334325,2.31518271604938,0.982803703703703,2.21603536585366,-4.67540243902439
1960-06-30,0.427437804878048,1.91626790123457,1.92389506172839,1.89476049382716,2.53380975609756,2.106371951219512
1960-07-29,-4.66124096385542,-3.36200609756097,-1.70497831325301,-1.6333756097561,-1.19146585365854,3.4697751101968795
1960-08-31,2.78608072289157,2.33818414634146,3.22805903614458,1.82456296296296,4.37869879518072,1.5926180722891505
1960-09-30,-7.77173855421686,-6.08376987951807,-5.4477743902439,-4.4416265060241,-5.4727843373494,2.29895421686746
1960-10-31,-2.77359638554217,-1.7057578313253,-1.00880487804878,-0.995720481927711,-3.45196385542169,-0.6783674698795199
1960-11-30,6.29513975903614,6.28305903614458,5.1427012195122,5.42404819277109,4.7528734939759,-1.5422662650602401
1960-12-30,5.67370843373494,4.88156626506024,3.97325487804878,4.13841084337349,3.14574939759036,-2.52795903614458
1961-01-31,5.55182048192771,6.4261843373494,7.02066707317073,8.8952686746988,10.9137373493976,5.36191686746989
1961-02-28,5.0442130952381,5.35896987951807,5.05071084337349,6.84180240963855,6.76127142857143,1.7170583333333296
1961-03-30,5.54298823529412,3.80190595238095,4.39274,4.0822380952381,4.35136470588235,-1.1916235294117703
1961-04-28,-0.148903488372093,-0.336125882352942,-0.0453635294117641,0.990517647058823,0.556031395348837,0.70493488372093
1961-05-31,3.46797209302325,4.41764285714285,3.92424470588235,4.03384705882353,7.2077,3.73972790697675
1961-06-30,-3.51605813953488,-4.0942119047619,-2.99846976744186,-3.40771666666667,-4.92375697674419,-1.4076988372093107
1961-07-31,0.987808602150538,2.4739978021978,2.86260869565217,1.56250652173913,1.26356666666667,0.27575806451613205
1961-08-31,2.29047849462366,3.45317391304348,1.70884516129032,2.78323152173913,2.58465483870968,0.2941763440860199
1961-09-29,-4.06086129032258,-3.55039247311828,-2.9081902173913,-2.28343010752688,-2.97415217391304,1.0867091164095402
1961-10-31,2.03291808510638,1.9670559139785,1.95881290322581,1.48347419354839,1.94885425531915,-0.08406382978723026
1961-11-30,5.14943829787234,5.1396376344086,4.71002580645161,5.37274623655914,4.03798191489362,-1.1114563829787203
1961-12-29,-0.91152659574468,-0.163598924731183,0.285196808510638,0.473152688172043,0.926622340425531,1.838148936170211
1962-01-31,-4.26251489361702,-2.50508387096774,-2.57243723404255,-0.0638795698924732,0.657654255319148,4.920169148936168
1962-02-28,0.535961702127661,0.837851063829787,0.562043617021276,1.86411170212766,3.90600638297873,3.370044680851069
1962-03-30,0.452015789473684,-1.1087440860215,-0.188627659574469,-1.00538924731183,-0.302636842105264,-0.7546526315789479
1962-04-30,-8.95533578947368,-7.68476344086021,-7.52292127659574,-6.01307340425532,-6.92894315789474,2.026392631578939
1962-05-31,-12.1133821052632,-10.3407376344086,-7.42370638297872,-7.2901585106383,-7.52336,4.5900221052632
1962-06-29,-9.52900947368421,-9.61626344086021,-8.40376063829787,-7.62575531914894,-5.67505684210526,3.8539526315789505
1962-07-31,8.42420090909091,4.43057818181818,5.36322522522522,4.04738378378379,5.96342363636364,-2.4607772727272703
1962-08-31,1.80377657657658,1.67865495495496,2.21142252252252,2.10122972972973,2.59596216216216,0.7921855855855797
1962-09-28,-7.5092875,-5.37212589285714,-4.99755765765766,-4.56451696428571,-5.74900089285715,1.7602866071428505
1962-10-31,-2.67127699115044,-1.69554107142857,-1.06513392857143,-1.43816696428571,-1.32882300884956,1.34245398230088
1962-11-30,15.2880833333333,12.7951357142857,10.5641598214286,12.0943017699115,12.444001754386,-2.8440815789473
1962-12-31,-0.675609649122807,0.523298214285714,0.848892920353982,-0.353589380530974,-0.624529824561404,0.05107982456140292
1963-01-31,6.79604137931034,6.09533706896551,6.98027672413793,6.79528879310345,8.74731724137931,1.9512758620689699
1963-02-28,-2.1559462184874,-1.77640085470086,-1.29808305084746,-1.95060169491525,-1.20872773109244,0.9472184873949598
1963-03-29,1.55013361344538,1.39285966386555,2.16036302521008,2.88519579831933,2.25864789915966,0.7085142857142799
1963-04-30,3.76242276422764,3.64494754098361,3.82182459016394,4.66232868852459,4.22102357723577,0.4586008130081298
1963-05-31,3.1718674796748,2.17601869918699,2.22810327868852,3.18140731707317,2.78593821138211,-0.38592926829269025
1963-06-28,-1.23332822580645,-1.06538861788618,-1.40505725806452,-2.68734918032787,-1.34823225806452,-0.11490403225807011
1963-07-31,-1.21180472972973,-0.900715753424659,-0.722739455782313,-1.4895074829932,-0.398102027027028,0.8137027027027021
1963-08-30,5.67093918918919,5.7174231292517,5.23341418918919,4.34441972789116,4.79601891891892,-0.8749202702702705
1963-09-30,-2.72719189189189,-1.84700884353741,-1.54480884353741,-0.936738095238095,-2.40623445945946,0.32095743243243025
1963-10-31,3.06866486486486,0.364640816326531,1.57777567567568,2.61408095238095,1.77334527027027,-1.29531959459459
1963-11-29,-0.541910810810811,-1.36312789115646,-1.36472721088435,-0.426721621621622,-0.55715472972973,-0.015243918918918964
1963-12-31,1.59438163265306,1.77631088435374,1.17826054421769,1.15358445945946,0.0823675675675678,-1.5120140650854923
1964-01-31,2.37086040268456,1.20716959459459,2.30122094594595,2.19718513513514,2.47863422818792,0.10777382550336023
1964-02-28,1.80343758389262,1.64669864864865,2.35409865771812,2.66328851351351,2.82528322147651,1.0218456375838898
1964-03-31,2.53242751677852,2.61077905405406,3.30467181208054,3.85566283783784,5.191122147651,2.6586946308724797
1964-04-30,-1.05387533333333,-0.15154899328859,0.193336912751677,0.410975167785235,-0.847850000000001,0.20602533333332895
1964-05-28,1.525064,1.83039333333333,1.07532281879195,0.189528,0.833713333333333,-0.691350666666667
1964-06-30,1.36452066666667,2.10026283783784,1.403188,2.40739865771812,1.75746733333333,0.3929466666666599
1964-07-31,2.40157548387097,3.29152402597403,2.57390649350649,3.08028701298701,3.00018258064516,0.5986070967741899
1964-08-31,-1.98027435897436,-0.566327096774194,-0.0714999999999994,-0.418156129032258,0.250569871794873,2.2308442307692333
1964-09-30,3.10250448717949,3.51696858974359,2.85541960784314,3.2424467948718,4.54793461538462,1.4454301282051305
1964-10-30,1.71315384615385,1.32030064102564,2.25418,1.62744743589744,2.21575192307692,0.5025980769230698
1964-11-30,0.446973717948718,0.391684615384615,0.925269871794871,0.485332692307692,-0.513692307692308,-0.960666025641026
1964-12-31,0.446757324840765,0.119557419354839,-0.6819,-0.756732692307692,-0.960568152866242,-1.407325477707007
1965-01-29,6.66294487179487,5.83146050955414,5.07836942675159,5.56040063694267,6.00585159235669,-0.6570932794381799
1965-02-26,3.68027948717949,2.47047388535032,2.96435769230769,2.80186369426752,3.46718598726115,-0.21309349991834026
1965-03-31,-1.06802866242038,-0.341188535031847,-0.295916455696203,0.215694267515923,1.70730759493671,2.77533625735709
1965-04-30,3.17603974358974,3.61262038216561,3.79193012820513,3.79542229299363,4.07114076433121,0.8951010207414698
1965-05-28,-0.0821879746835437,-0.82923417721519,-0.513475796178344,-0.552279113924051,0.121970700636943,0.2041586753204867
1965-06-30,-6.95574746835443,-6.85875443037975,-7.18058598726115,-7.28286202531645,-7.5265335443038,-0.5707860759493704
1965-07-30,2.47145833333334,1.60724761904762,3.09402335329341,2.30987797619048,3.62002202380953,1.1485636904761898
1965-08-31,5.10030887573965,3.74026309523809,4.20389763313609,3.8790380952381,4.04173136094675,-1.0585775147928995
1965-09-30,3.47334733727811,3.29855748502994,3.69010059523809,3.34114345238095,3.9343449704142,0.4609976331360901
1965-10-29,4.03967023809524,3.5923369047619,3.93841369047619,4.32944226190476,6.46780591715976,2.4281356790645203
1965-11-30,2.69952426035503,2.06995535714286,3.95551547619048,2.69587023809524,3.24205088757397,0.5425266272189404
1965-12-31,3.52276352941176,1.97452857142857,2.88228083832335,2.29131845238095,4.42635235294118,0.9035888235294198
1966-01-31,2.46844093567251,1.64643235294118,3.7404794117647,4.64518882352941,5.28750643274854,2.81906549707603
1966-02-28,1.48198304093567,-1.18988176470588,0.49906705882353,0.86135294117647,2.08362280701754,0.60163976608187
1966-03-31,-0.672278947368421,-2.01759882352941,-2.24159764705882,-2.03327529411765,-3.08344912280702,-2.411170175438599
1966-04-29,5.0676988372093,2.68817777777778,2.42900409356725,3.21600877192982,2.42795406976744,-2.63974476744186
1966-05-31,-7.25659190751445,-5.81035497076023,-6.47091744186046,-7.39698488372093,-7.4332028901734,-0.1766109826589508
1966-06-30,0.888487861271675,-1.05762947976879,-1.29173430232558,-0.904723121387284,-0.336545664739885,-1.22503352601156
1966-07-29,-0.959110055865922,-0.890192178770951,-1.16045898876404,-2.06427430167598,-0.0174703910614525,0.9416396648044695
1966-08-31,-8.2776546961326,-9.32527,-8.33331657458564,-9.05964777777777,-9.58837182320442,-1.31071712707182
1966-09-30,-1.51603956043956,-1.79828736263736,-1.24961325966851,-1.08703461538462,-1.0791467032967,0.4368928571428601
1966-10-31,-1.18667582417582,2.78454560439561,4.02036010928962,2.44230824175824,1.9476174863388,3.13429331051462
1966-11-30,10.1890338797814,4.51681263736263,1.18259890710383,0.730928571428571,1.69742786885246,-8.49160601092894
1966-12-30,1.67082391304348,2.22296086956522,1.51161584699454,2.24338206521739,0.706305434782608,-0.9645184782608721
1967-01-31,12.0132451086957,11.7404961956522,10.8828788043478,14.0540489130435,18.8856864130435,6.8724413043478005
1967-02-28,2.84497608695652,1.51320326086957,1.15194076086956,1.13090760869565,1.66011739130435,-1.18485869565217
1967-03-31,6.30425434782609,4.53917065217391,4.78769673913044,5.90487336956521,5.54777717391304,-0.7564771739130496
1967-04-28,4.96142162162162,3.68058,3.40089869565217,4.0491454054054,4.08596648648649,-0.8754551351351294
1967-05-31,-2.95888548387097,-2.68358913043478,-1.58771304347826,-1.48787675675676,-2.39037204301075,0.5685134408602202
1967-06-30,4.49022688172043,2.37654108108108,4.90100378378379,6.92209621621622,5.81279462365591,1.3225677419354804
1967-07-31,6.45324766839378,4.81746858638744,7.29163385416667,7.36881302083333,9.38297512953367,2.9297274611398896
1967-08-31,-1.57108031088083,-0.239273437500001,0.524877604166666,0.463408884651813,1.39960725388601,2.9706875647668403
1967-09-29,3.79885906735751,3.51936822916667,3.20258860103627,3.74267748691099,4.6938875,0.8950284326424898
1967-10-31,-2.74111658031088,-3.51032227979274,-4.42085544041451,-3.3076481865285,-4.7792103626943,-2.03809378238342
1967-11-30,1.97594507772021,1.32638601036269,0.5620984375,-0.170550259067358,-0.354730051813471,-2.330675129533681
1967-12-29,5.72881191709844,4.45994248704663,4.17639479166667,4.50793886010362,6.35624766839379,0.6274357512953497
1968-01-31,-5.99197202072539,-1.99306875,-0.53588238341969,1.65658645833333,2.02006165803109,8.012033678756481
1968-02-29,-6.06758489583333,-5.49862879581152,-3.09823177083333,-2.56218010471204,-3.22116875,2.8464161458333304
1968-03-29,1.8193453125,-0.880396984063542,-0.859986910994763,-0.995026041666667,-0.196094270833333,-2.015439583333333
1968-04-30,15.0015093264249,11.8541005235602,10.8639822916667,8.8320296875,10.2722683937824,-4.729240932642499
1968-05-31,5.84662010309278,5.65781145833333,4.30260155440415,3.92702590673575,6.24977098445596,0.4031508813631799
1968-06-28,-1.48988969072165,1.75091088082902,1.83278134715026,3.56567772020725,3.36509278350516,4.85498247422681
1968-07-30,-5.38055282051282,-4.74599845360825,-2.22946907216495,-2.49014536082474,-0.752701025641026,4.627851794871794
1968-08-30,1.87717755102041,2.76576546391753,2.48756666666667,2.87099794871795,3.14503265306122,1.2678551020408098
1968-09-30,6.28613724489796,5.33796377551021,5.28369846153846,5.24094512820513,6.34944132653061,0.06330408163265044
1968-10-31,-0.239958883248731,1.26612153846154,1.66307794871795,2.69838469387755,2.74486345177665,2.984822335025381
1968-11-29,7.49397969543147,6.81833299492386,8.0960693877551,7.10389289340101,7.17536867329949,-0.31861102213198045
1968-12-31,-2.45863838383838,-2.37964132653061,-2.39972233502538,-1.3486923857868,-0.689941116751269,1.7686972670871108
1969-01-31,-2.66649145728643,-1.24639648241206,-1.30866313131313,-0.0221663316582918,-0.183468844221106,2.483022613065324
1969-02-28,-7.693,-7.32134974874371,-6.88410552763819,-5.64413768844221,-7.204432,0.4885679999999999
1969-03-28,4.2440405,1.60647386934673,2.681445,1.53682412060302,0.812408,-3.4316324999999996
1969-04-30,2.7496905,0.983251243781095,2.34990696517413,-0.629072,-0.833012999999999,-3.5827034999999987
1969-05-29,-0.359916831683168,-0.740893,-0.461594554455446,0.319048756218904,-0.676849253731343,-0.31693242204817496
1969-06-30,-9.89607574257426,-9.58939900990099,-9.12677376237623,-9.23446485148515,-8.01064405940594,1.8854316831683189
1969-07-31,-8.84024360189574,-8.21613684210526,-9.05209714285714,-6.9224080952381,-6.25276872037915,2.5874748815165898
1969-08-29,7.15322075471698,6.08702666666667,5.12045924170616,3.10757630331754,2.96554150943396,-4.18767924528302
1969-09-30,1.10698714285714,-1.68800521327014,-3.43460236966825,-2.59518815165877,-2.62392619047619,-3.73091333333333
1969-10-31,8.51770046948357,7.68655424528302,7.74883349056604,6.67362264150943,6.46359577464789,-2.0541046948356803
1969-11-28,-3.95477276995305,-4.50669248826291,-4.83185471698113,-4.66828075117371,-5.09625962441315,-1.1414868544601005
1969-12-31,-3.1698070093458,-4.18191971830986,-4.06136338028169,-4.30934835680751,-4.5576191588785,-1.3878121495327003
1970-01-30,-6.83926930232559,-7.26002757009345,-6.70734186046512,-4.6593734883721,-4.68463657407407,2.15463272825152
1970-02-27,3.98722580645161,5.91922651162791,5.96066944444444,5.81627638888889,4.52035253456221,0.5331267281106005
1970-03-31,-4.27726435185185,-1.23160972222222,-0.582315277777778,1.22117777777778,1.12100879629629,5.39827314814814
1970-04-30,-16.2797626728111,-13.5590255813953,-12.3875087962963,-11.0329587962963,-10.8543967741936,5.4253658986175
1970-05-29,-9.95922863970138,-10.0324013824885,-8.00614838709677,-7.50213502304148,-7.15966866359447,2.7995599761069094
1970-06-30,-7.19183425925926,-5.71702764976959,-5.19369074074074,-7.4051631843318,-8.7841534562212,-1.592319196961939
1970-07-31,6.02141486486486,8.62327432432432,8.4406509009009,6.95898959276018,7.83954841628959,1.8181335514247303
1970-08-31,6.94477207207207,5.20882488687783,6.41110225225225,6.4034592760181,7.29643603603603,0.3516639639639605
1970-09-30,11.7021892376682,8.01936877828055,6.5831463963964,6.51582252252252,9.59888789237668,-2.10330134529152
1970-10-30,-3.90497219730942,-3.70898198198198,-3.6707596412556,-5.07568778280543,-5.75044618834081,-1.84547399103139
1970-11-30,2.73565964125561,3.61471171171171,3.90370720720721,4.78559639639639,3.19308378378378,0.4574241425281702
1970-12-31,6.23633497757848,7.44026502242152,10.2638103603604,11.1133282511211,11.4010408071749,5.16470582959642
1971-01-29,9.01839417040359,7.6193130044843,7.98094977578475,8.89316233183856,12.8156228699552,3.79722869955161
1971-02-26,3.26207544642857,1.72338789237668,1.96637264573991,2.23593632286996,3.36538352232143,0.10330807589286017
1971-03-31,6.64005156950673,5.03906322869955,4.07929506726457,4.3778466367713,6.60038430493273,-0.039667264574000605
1971-04-30,4.86448874975919,4.13038371040724,2.68331981981982,1.85287072072072,3.69386502242152,-1.1706237273376705
1971-05-28,-2.97088823529412,-3.54104264705882,-4.78979504504504,-3.76601441441441,-5.69175515695068,-2.7208669216565595
1971-06-30,0.843765470852017,0.0141638009049769,-0.143134684684685,-1.67840585585586,-2.24724304932735,-3.0910085201793667
1971-07-30,-4.5811185520362,-4.78067123287671,-4.51742227272727,-3.67950045454545,-4.96103547896289,-0.37991692692668977
1971-08-31,5.69650452488687,5.41568721461187,5.06042727272727,3.80056863636364,4.90269590909091,-0.7938086157959603
1971-09-30,-0.362567873303168,-0.336547058823529,-1.12613800904977,-0.689654751131222,-2.37069819004525,-2.0081303167420823
1971-10-29,-6.21502792792793,-4.77272162162162,-5.02826081081081,-4.4637945945946,-4.24878648648648,1.9662414414414497
1971-11-30,-1.18720408963049,-1.95620135135135,-2.1451545045045,-2.35918558558559,-2.00864304932735,-0.8214389596968599
1971-12-31,12.9100963963964,11.3139484304933,11.1643937219731,10.8357798206278,10.6682802690583,-2.241816127338099
1972-01-31,7.32077802690583,3.52715515695067,5.03866905829597,4.1401932735426,5.52135,-1.7994280269058303
1972-02-29,5.9380201793722,3.92667647058824,2.62190990990991,1.56141306306306,1.82920986547085,-4.108810313901349
1972-03-30,1.11297937219731,0.975325112107623,0.510388288288289,-0.570582062780268,-0.251613452914799,-1.3645928251121089
1972-04-28,1.32981688888889,0.212300446428572,1.33657688888889,-0.119304464285714,-0.577553333333334,-1.907370222222224
1972-05-31,1.87297544642857,-0.560855555555556,-2.34943466666667,-1.11394755555556,-2.01826977777778,-3.89124522420635
1972-06-30,-2.19516017699115,-2.61901911111111,-3.16407522123894,-2.72687955555555,-3.8657075221239,-1.67054734513275
1972-07-31,-1.5990264957265,-3.58289572649573,-2.27199489361702,-2.24846581196581,-1.47241617021277,0.12661032551372986
1972-08-31,1.43956170212766,2.39229659574468,3.10808931623931,4.46888255319149,4.10985063829787,2.67028893617021
1972-09-29,-2.47265127118644,-3.24698936170213,-2.95437881355932,-2.18594510638298,-1.66398601694915,0.8086652542372899
1972-10-31,-1.85932203389831,-1.20548461538462,-0.611978813559322,0.50756652542373,2.14092245762712,4.0002444915254305
1972-11-30,4.07370843881857,6.18765829787234,8.04512796610169,7.91998474576271,7.14138481012658,3.0676763713080106
1972-12-29,-0.0886084388185654,-0.838310638297872,-1.8348906779661,-2.10340508474576,-1.97870126582279,-1.8900928270042248
1973-01-31,-5.95288655462185,-6.63011139240506,-6.22361512605042,-4.97695696202531,-3.11746680672269,2.8354197478991603
1973-02-28,-7.27717866108787,-7.57045882352941,-8.00168368200837,-4.89922016806722,-4.03384142259414,3.24333723849373
1973-03-30,-2.22876234309624,-3.62762970711297,-2.33044309623431,-2.20138619246862,-1.74859453781513,0.48016780528111
1973-04-30,-9.09692677824267,-6.99484375,-6.37657875,-4.9761525,-3.5281575,5.56876927824267
1973-05-31,-6.63214541666667,-6.37963333333334,-6.07397791666666,-5.11319958158996,-5.88853791666666,0.7436075000000093
1973-06-29,-3.42139208333333,-3.29248375,-4.45742405063291,-2.83144833333333,-2.38672083333333,1.0346712500000002
1973-07-31,16.3917,12.8345051383399,9.51588972332016,6.87295375494071,7.89287312252965,-8.49882687747035
1973-08-31,-2.56254784313725,-3.00825254901961,-3.77137607843137,-3.32429803921569,-4.83183031496063,-2.26928247182338
1973-09-28,9.60011574803149,11.7799559055118,11.1049082352941,9.85102519685039,10.5216835294118,0.9215677813803094
1973-10-31,0.248575781249999,-1.189358984375,-0.276282754039216,-0.71150859375,-2.437797265625,-2.686373046874999
1973-11-30,-16.2167286821705,-17.95355703125,-17.0335421875,-15.7887902723735,-18.6370050387597,-2.4202763565891985
1973-12-31,-0.0100009930418599,0.939159922178989,0.370073151750973,-0.304056809338522,-2.41604728682171,-2.40604629377985
1974-01-31,3.29807635658915,7.24472393822394,9.65121705426356,10.4835579150579,14.6510602316602,11.35298387507105
1974-02-28,-1.16064478764479,1.1236019379845,1.60581937984496,1.70816381322957,1.77586756756757,2.93651235521236
1974-03-29,-2.0276111969112,-1.6433480620155,-2.18781976744186,-1.00512558139535,0.0209868725868729,2.0485980694980728
1974-04-30,-4.97785444015444,-6.1570488372093,-5.92483759689922,-5.8070019379845,-4.49976872586873,0.4780857142857098
1974-05-31,-6.05272393822394,-7.78721245136187,-7.68538062015504,-5.95276395348837,-7.78821737451737,-1.7354934362934307
1974-06-28,-1.66650968992248,-2.27396061776062,-3.8990555984556,-3.20415173745174,-3.50550579150579,-1.83899610158331
1974-07-31,-8.81524192307692,-4.29518692307692,-2.70154942528735,-3.04308461538461,-3.62424406130268,5.190997861774241
1974-08-30,-8.95874752851711,-10.1027486590038,-8.81066183206107,-6.70504122137404,-7.83260038022814,1.12614714828897
1974-09-30,-12.7299942748092,-8.70960763358779,-5.31767442748091,-6.70910038314176,-7.30299198473282,5.427002290076381
1974-10-31,21.8160010042631,14.0186301526717,9.41704770992366,8.73758473282443,7.86360988593156,-13.95239111833154
1974-11-29,-2.66908549618321,-2.80814752851711,-3.3247019820423,-3.88121178707224,-5.59399771863118,-2.9249122224479702
1974-12-31,-6.37661787072243,-5.1571855513308,-5.15004367816092,-4.82979923954372,-6.86058517110266,-0.4839673003802307
1975-01-31,19.5082923954373,26.5371076335878,26.8630574144487,29.0123305343512,36.8292730038023,17.320980608364998
1975-02-28,8.24781679389313,4.7779786259542,3.94666870229007,2.25934198473282,1.06688473282443,-7.180932061068699
1975-03-31,6.17593778625954,6.01229578544061,6.35349885496183,7.86215747126437,11.2615297709924,5.08559198473286
1975-04-30,6.79618582375479,4.68433976833976,2.80458346153846,2.671765,2.018830651341,-4.77735517241379
1975-05-30,6.70409692307693,6.59310230769231,6.921105,6.81776769230769,7.79567692307692,1.0915799999999898
1975-06-30,5.51526846153847,6.72856240310078,8.43898210116731,8.23488223938223,9.6426416988417,4.12737323730323
1975-07-31,-6.26901007751938,-4.7869280155642,-4.42927286821705,-2.97885175097276,-3.70760272373541,2.56140735378397
1975-08-29,-4.5845496124031,-4.66663774319066,-3.07335175097276,-2.89983618677043,-4.83957109375,-0.2550214813469003
1975-09-30,-4.76862879377432,-4.05945525291829,-3.013509375,-3.32819260700389,-2.360224609375,2.40840418439932
1975-10-31,6.1981626459144,5.30122918287938,4.920864453125,2.406287890625,2.009946692607,-4.188215953307401
1975-11-28,3.77653501945525,3.852859765625,3.2577125,4.2361234375,3.39010272373541,-0.38643229571983984
1975-12-31,-2.171483203125,-0.949147859922178,-0.16679453125,0.181018287937743,-0.391602334630351,1.7798808684946492
1976-01-30,18.3332124513619,16.969722745098,16.55666640625,17.2745733333333,22.5762910505836,4.2430785992217
1976-02-27,3.53704140625,5.677387890625,4.38170211420625,6.26742578125,9.7227925490196,6.1857511427695995
1976-03-31,1.82781215686274,1.2435468503937,1.09913294117647,1.79658039215686,1.51277607843137,-0.31503607843136994
1976-04-30,-2.7396262745098,-1.83878039215686,-0.418663600381102,-0.540389763779528,-1.21823411764706,1.5213921568627402
1976-05-28,-2.9527105882353,-2.27339294117647,-0.993625196850394,-0.872310236220472,-0.192986614173228,2.759723974062072
1976-06-30,4.66218203125,5.62918464566929,5.29374509803921,4.87256156862745,5.889841796875,1.227659765625
1976-07-30,-1.29387786561265,-0.232793227091634,0.0518964143426298,1.48105753968254,-1.27568695652174,0.018190909090910035
1976-08-31,-2.34063611111111,-1.33359291338583,-0.2852872,-0.160212903225806,-1.26915120967742,1.07148490143369
1976-09-30,1.97960117647059,2.0067,2.52983882352941,3.00463137254902,3.53874488188976,1.5591437054191701
1976-10-29,-2.97635984251969,-2.62255866141732,-2.5958968,-1.69199763779528,-1.86563174603175,1.11072809648794
1976-11-30,1.93001085271318,3.60754708171206,4.45103671875,3.50790116731518,3.34851744186047,1.41850658914729
1976-12-31,7.67177984496124,8.68659457364341,7.6949626459144,8.62187790697674,9.59950193798449,1.9277220930232497
1977-01-31,-3.69930775193799,-1.74581815891473,0.345293023255814,1.92319689922481,2.21550775193799,5.91481550387598
1977-02-28,-1.58550620155039,-1.84922023346303,-1.5562906614786,-1.5033519379845,-1.42696031128405,0.15854589026633992
1977-03-31,0.364090980392157,-0.347255905511811,-0.269639763779527,1.3358657480315,1.00422705882353,0.640136078431373
1977-04-29,0.0461946153846147,0.869282170542636,3.09044749034749,2.20974826254826,1.86707346153846,1.8208788461538454
1977-05-31,-1.19763385214008,-0.562114117647059,-0.686883203125,-0.058216796875,0.571543190661478,1.7691770428015579
1977-06-30,7.45282307692308,6.59039457364341,5.7399138996139,6.25414980694981,6.40489423076923,-1.0479288461538498
1977-07-29,-1.89097723880597,-1.59655018726592,-1.09596902985075,-0.664835388643071,-0.94389328358209,0.94708395522388
1977-08-31,0.320139179104477,-1.81463059701492,-1.38661902985075,-1.85685992509363,-2.97114029850746,-3.291279477611937
1977-09-30,-0.961389179104476,0.0602917444029856,1.04492397003745,1.1042473880597,1.46199179104478,2.423380970149256
1977-10-31,-3.74825724907063,-2.88684253731343,-3.00135526315789,-2.54433917910448,-2.11617089552239,1.6320863535482402
1977-11-30,7.10804795539033,8.18315163950746,6.78513495820446,7.64251231343283,8.72485836431227,1.61681040892194
1977-12-30,0.398672118959108,0.408102611940298,0.919085393258427,0.229495522388059,1.31898043881227,0.9203083198531619
1978-01-31,-4.14755130111524,-4.59101338289963,-4.73456567164179,-3.69508178438662,-3.11458208955224,1.0329692115630005
1978-02-28,0.157417164179105,-0.00791086142322106,0.430426119402985,1.12349475655431,1.34528768656716,1.1878705223880548
1978-03-31,5.62399368569553,6.44173745318352,5.67127574626866,5.97327790262172,7.06100783582089,1.4370141501253597
1978-04-28,8.81864701492537,7.53917905789591,6.62686641791044,7.0785145522388,8.96339442379182,0.14474740886645066
1978-05-31,6.87598364312268,3.72943248289139,3.81643208955224,4.33043917910448,5.3383591078067,-1.53762453531598
1978-06-30,-0.669311567164179,-0.159382706766917,-0.439949438202248,-0.724582771535581,-1.48183208955224,-0.812520522388061
1978-07-31,5.88557153558052,5.94204067164179,5.10457415730337,5.23952686567164,7.2369,1.3513284644194803
1978-08-31,7.060687732342,5.85798,5.00240338345865,6.37485373134328,8.66535241635688,1.60466468401488
1978-09-29,-1.44846267522612,-1.00490209460224,-1.36795805243446,0.471642322097378,-1.16036753731343,0.28809513791269015
1978-10-31,-18.8071906015038,-17.3014266917293,-14.5269518656716,-13.9090656716418,-18.8168567164179,-0.00966611491409708
1978-11-30,6.34946902985074,5.8774276119403,3.9706671641791,4.20142052238806,3.87041044776119,-2.4790585820895497
1978-12-29,2.49088513011152,1.88488464419476,0.91450708955224,0.338670411985018,1.04594432793941,-1.4449408021721097
1979-01-31,8.32522333333333,8.12459925650558,7.39707695167286,8.00576394052044,9.3481527881041,1.02292945477077
1979-02-28,-3.38739400749064,-3.32382996254682,-3.62953820224719,-2.34644419475655,-3.10155655430712,0.28583745318351994
1979-03-30,10.1499913857678,9.33599135338346,6.80208951310862,6.5775015037594,8.83744007490636,-1.3125513108614406
1979-04-30,1.3261281297112,0.804542481203007,2.28076104868914,1.93705880149813,1.83232611940298,0.5061979896917801
1979-05-31,-1.53088277153558,-0.95941647940075,-1.78219552238806,-0.625714232209738,-0.72892723880597,0.80195553272961
1979-06-29,3.898975,5.29203970037453,6.2203895522388,5.40067443609023,5.75744200766717,1.85846700766717
1979-07-31,2.05450442804428,2.49568777777778,3.51037407407407,2.69966974169742,4.78877148148148,2.7342670534372
1979-08-31,9.11780959409593,8.03059888888889,7.04119074074074,7.01482444444445,8.16655756457564,-0.9512520295202886
1979-09-28,-0.329897777777778,0.0520348148148147,-0.0939811111111118,-1.36619555555555,-2.47879925925926,-2.1489014814814817
1979-10-31,-9.22940296296297,-8.18490518518518,-9.75019851301115,-9.46123185185185,-11.7832351851852,-2.55383222222223
1979-11-30,9.79951291512914,7.70444907749077,6.58982296296296,5.95191180811808,6.6182516605166,-3.18126125461254
1979-12-31,7.08544154411765,4.4191,3.50128671586716,3.15863025830258,4.71665220588236,-2.36878933823529
1980-01-31,8.09439007352941,5.69139185185185,5.94255645756458,5.14156715867159,6.72789080882353,-1.3664992647058805
1980-02-29,-0.817678228782288,-2.39933643122677,-3.52136703703704,-4.69836407407407,-4.17528634686347,-3.357608118081182
1980-03-31,-16.6025828996283,-13.8266272380845,-12.1593512722625,-11.1460397769517,-13.0072851851852,3.595297714443099
1980-04-30,5.4717111111111,4.88537265917603,7.12161040892193,6.35381316203704,5.85866119402985,0.38695008291874977
1980-05-30,7.35874555555556,7.59557537313433,7.79345204460966,7.90307649253731,8.00689407407408,0.6481485185185196
1980-06-30,5.27254312267658,3.32900411985019,2.94047611940298,3.61195186567164,3.37819479553904,-1.8943483271375396
1980-07-31,14.238243866171,11.2232555970149,9.00907611940298,5.93364382022472,9.66123528689219,-4.577008579278811
1980-08-29,6.87725836431227,4.33251529850746,2.90811343283582,2.10886380597015,3.46318996282528,-3.4140684014869898
1980-09-30,5.25679888475836,3.37996380597015,3.24062593412045,0.864971003717472,1.2890541025637,-3.96774478219466
1980-10-31,3.1793276119403,1.76819067164179,1.79777265917603,0.341679239159702,1.95971266522247,-1.21961494671783
1980-11-28,12.0787619402985,5.85645842696629,5.07478992537313,3.73414172932331,4.83601573033708,-7.24274620996142
1980-12-31,-4.1914277153558,-3.29619888059701,-0.323523595505618,-0.530730597014925,-1.86391082089552,2.32751689446028
1981-01-30,-4.71924365671642,-1.38832471910113,0.790679477611941,0.59511722846442,2.09612476855448,6.815368425270901
1981-02-27,1.16240939849624,1.90473909774436,2.84511654135338,1.73547556390977,2.69082846441948,1.52841906592324
1981-03-31,7.85628383458646,7.28416992481203,9.23838429011535,7.11369285714286,9.0749537593985,1.2186699248120405
1981-04-30,0.46977030075188,1.6732037593985,0.79477962264151,1.9322030075188,2.0545847162782,1.5848144155263202
1981-05-29,2.76896905660377,1.22771590909091,1.67395773584906,2.64042281368821,2.5262520754717,-0.24271698113206996
1981-06-30,-5.08760490566038,-1.68837132075472,0.287654924242424,1.62805018867924,2.37308867924528,7.460693584905661
1981-07-31,-0.23273143939394,-2.4732174904943,-1.54131520912548,-2.12930458015267,-1.86544886363636,-1.63271742424242
1981-08-31,-9.6769643939394,-6.74237328244275,-5.88731526717557,-5.45556653992395,-3.99001818181819,5.68694621212121
1981-09-30,-9.07576425855513,-6.70535171102661,-5.78664236641221,-4.8198537753232,-4.42366730038023,4.6520969581749005
1981-10-30,9.73572433460077,8.32843295019157,5.47897739463601,6.75203409961685,5.88451908396947,-3.8512052506313
1981-11-30,1.90801673003802,3.57300957854406,3.86623893129771,4.51903678160919,5.74563726235741,3.8376205323193897
1981-12-31,-2.08739201520913,-1.52735817490494,-1.02739708069772,-1.43265824460076,-2.24418022813688,-0.15678821292775025
1982-01-29,-3.86339503816794,-2.5193606870229,-3.13548893129771,-2.27983524904214,-0.780886692015209,3.082508346152731
1982-02-26,-6.26387709923664,-4.33882846153846,-4.09257471264368,-2.73773333333333,-0.701094656488549,5.562782442748091
1982-03-31,-1.99856906012214,-0.112120077220077,-0.565402692307692,0.65414455360613,0.286475572519084,2.285044632641224
1982-04-30,6.4107623076923,4.96614440154441,5.47111800766283,4.68051434108527,4.07405363984674,-2.33670866784556
1982-05-28,-4.29757683397683,-4.44501042471042,-2.8156694980695,-2.96748957528958,-3.2522223938224,1.04535444015443
1982-06-30,-3.28986293436293,-0.785795752895753,-1.77282674418605,-0.884798841698841,-2.6934980620155,0.5963648723474302
1982-07-30,-1.13409195557031,-1.32279609375,-2.82363774319066,-0.886426171874999,-2.480836328125,-1.3467443725546902
1982-08-31,11.669974609375,10.7824319735906,10.448139453125,11.267614453125,11.62666513,-0.04330947937500085
1982-09-30,1.55640703125,2.61482470588235,3.10439140625,3.3496546875,3.54648980392157,1.99008277267157
1982-10-29,15.3878309803922,14.8707501960784,11.7397039370079,12.1514407843137,12.3026678431373,-3.0851631372549004
1982-11-30,9.83667470637804,6.96149606299212,6.39675176470588,5.41797519685039,5.91078823529412,-3.9258864710839205
1982-12-31,0.84491653543307,1.7487374015748,1.1721031496063,2.35056929133858,0.810738039215686,-0.034178496217384
1983-01-31,6.78668339920948,3.25833784860558,4.29360952380952,5.44214444444444,5.26416432245376,-1.52251907675572
1983-02-28,6.22166533864542,5.49824103585658,5.1966012,4.67954462151395,3.0980668,-3.12359853864542
1983-03-31,3.66571513944223,3.9239568,4.4719228,4.7474056,4.43788525896414,0.7721701195219106
1983-04-29,5.2664912,6.74074655870446,6.65793293172691,5.75249799196787,8.1411448,2.8746535999999994
1983-05-31,7.0469336,3.16750282258065,3.54895140562249,4.00448192771084,5.7626288,-1.2843048000000001
1983-06-30,6.0859516,4.07912048192771,4.27550722891566,1.70060401606426,3.0151736,-3.070778
1983-07-29,-4.45877226890757,-3.32165588235294,-2.07865358649789,-0.656425210084033,0.717045970447059,5.175818239354629
1983-08-31,-1.87069495798319,-1.76178501784534,-0.413698802564135,-0.50787046413502,0.84104135021097,2.71173630819416
1983-09-30,2.30670717299578,2.87858085106383,2.45199915254237,3.73680084745763,3.00548691158861,0.6987797385928296
1983-10-31,-6.64837890295358,-3.92501398305085,-3.47189535864979,-1.19916186440678,-1.31093021276596,5.337448690187619
1983-11-30,6.81345720338984,5.73685319148937,4.5255436440678,4.40814936170212,2.08684547207627,-4.72661173131357
1983-12-30,-1.49684170212766,-1.22401106382979,-0.788455319148937,-0.520351063829787,-1.72024230769231,-0.2234006055646498
1984-01-31,-5.01169615384615,-3.43638846153846,-1.5631034334764,0.25247735042735,2.00095683760684,7.01265299145299
1984-02-29,-5.98359781690987,-5.71178154506438,-4.88235965665236,-4.45809098712447,-2.05684163090129,3.9267561860085802
1984-03-30,0.818274137931034,2.85896394849785,2.11578884120172,2.0778347639485,0.626831759656652,-0.19144237827438193
1984-04-30,-0.187005172413793,-0.571011255411255,1.16697068965517,0.635677056277056,-1.70509137931034,-1.5180862068965468
1984-05-31,-5.86626637931035,-5.20296969696969,-5.03237284482758,-3.89650858284415,-2.63230215517242,3.23396422413793
1984-06-29,3.59449527896996,4.20541422413793,3.49661547469828,3.01741255411255,0.53666008583691,-3.05783519313305
1984-07-31,-4.61792911392405,-3.10006949152543,-2.99665462184874,-2.56271638655462,-1.31223865546218,3.3056904584618696
1984-08-31,14.0711592436975,12.263394092827,11.9958390756303,11.3704345991561,10.0245533613445,-4.046605882352999
1984-09-28,-2.18617493850504,-0.764663025210084,0.258154201680673,1.20483445378151,4.82781176470588,7.01398670321092
1984-10-31,-1.89120840336135,-0.803240585774058,-0.298964225526361,0.938446443514643,2.41500585774059,4.30621426110194
1984-11-30,-1.92273445378151,-2.27110168067227,-1.502494092827,-0.300718565400844,0.965952100840336,2.888686554621846
1984-12-31,1.7848282700422,2.2748885106383,2.53133008474576,2.60663177966102,2.67742109704641,0.8925928270042098
1985-01-31,11.6917483193277,10.965606302521,10.0041467868253,9.08616848739496,8.67906134453782,-3.0126869747898812
1985-02-28,0.887225630252101,2.64320168776371,2.13742245762712,2.73505907172996,1.66770336134454,0.780477731092439
1985-03-29,-2.5239223628692,-1.84266186440678,-0.109022784810127,-0.713047033898304,1.90633262711864,4.43025498998784
1985-04-30,-2.08822669491525,-1.47185404255319,-1.61697711864407,-0.457871063829787,1.17634322033898,3.26456991525423
1985-05-31,4.14540801687763,4.93256638297872,6.21460720338983,5.28922584745763,5.70454641350211,1.5591383966244798
1985-06-28,1.12159319148936,1.60098473698248,1.80434978723404,1.58626170212766,3.24438559322034,2.1227924017309796
1985-07-31,2.47048553719008,1.41156010398465,2.20844647302905,0.0331211618257256,-1.30708801652892,-3.777573553719
1985-08-30,-1.12601694214876,-1.28642677824268,-0.702541250000001,0.63631867219917,1.01774958677686,2.14376652892562
1985-09-30,-5.6568179916318,-5.23409707112971,-3.78252875,-3.433695,-4.60423195020747,1.0525860414243304
1985-10-31,2.96092092050209,4.81785949367089,3.4138230125523,4.10245210084034,5.54044142259414,2.5795205020920497
1985-11-29,7.29008870292887,7.53155882352941,7.02527142857143,6.55086680672269,6.05037154811715,-1.2397171548117196
1985-12-31,3.66828786610879,5.17673849372385,4.6917,5.52574624546276,5.27473138075314,1.6064435146443503
1986-01-31,0.245962447257385,-0.0450219409282702,1.43316176470588,1.2823470338983,2.54467016806723,2.298707720809845
1986-02-28,5.65867299578059,7.79972510638298,8.84877415254237,8.28927415254237,8.26763670886076,2.60896371308017
1986-03-31,5.31468255319149,5.61255063829787,5.64296680851064,5.59164382978723,6.10024255319149,0.7855599999999994
1986-04-30,-0.907144871794872,-0.354366382978723,-0.669594893617021,-0.469777211068936,-1.34894723404255,-0.4418023622476779
1986-05-30,5.58930815450644,5.56755,4.03060043103448,4.56646333974009,2.87102446351931,-2.7182836909871297
1986-06-30,-1.33388405172414,0.32253275862069,-0.128137391304348,1.29366233766234,1.85716939655172,3.19105344827586
1986-07-31,-9.09563918918919,-8.10679726027397,-8.29380633484164,-5.56250678733032,-1.93192837837838,7.1637108108108105
1986-08-29,5.69223438914027,3.69154090909091,6.56539363636364,7.36215294117647,6.27043076923077,0.5781963800904997
1986-09-30,-6.70315520361991,-7.83851674208145,-5.93633454545454,-4.44491732723982,-6.18290950226245,0.5202457013574602
1986-10-31,5.43680852508649,7.15787692307692,5.61480855855855,5.35117818181818,3.39362387387388,-2.0431846512126097
1986-11-28,0.957427727272726,1.34989457013575,1.32125746606335,0.495464705882354,0.54944144144144,-0.40798628583128593
1986-12-31,-1.4897257918552,-2.47057614678899,-2.64283881278539,-2.70896409090909,-3.16846470588236,-1.6787389140271598
1987-01-30,13.6684032152599,11.3968874895,12.9513467592593,9.97226759259259,10.6480221198157,-3.0203810954442005
1987-02-27,7.6159662037037,6.87450467289719,7.31834697674419,4.26018372093023,4.50273287037037,-3.11323333333333
1987-03-31,2.45759813953488,2.33780420560748,2.25873488372093,1.16220794392523,0.594612100286977,-1.862986039247903
1987-04-30,-2.43310186915888,-2.4436902562243,-2.57079624413145,-3.51182710280374,-4.27501924882629,-1.8419173796674095
1987-05-29,0.95973691588785,-0.0444962441314553,0.0409807511737087,0.458439719626169,-0.682398598130841,-1.642135514018691
1987-06-30,2.88122962962963,5.53044279069768,5.15760185185185,3.75175953488372,2.97476064814815,0.09353101851852008
1987-07-31,5.6273743119266,4.28916405529954,6.11750504587156,3.61809262672811,1.31558440366972,-4.31178990825688
1987-08-31,3.3121064516129,3.2242603686636,3.44648248847926,3.5335930875576,3.65934700460829,0.34724055299539014
1987-09-30,-2.00717431192661,-1.87140412844037,-0.440865437788018,-1.81713256880734,-2.01891055045871,-0.011736238532100263
1987-10-30,-30.7302371559633,-27.4968893518518,-26.4418894009217,-24.1488188940092,-18.8721802752294,11.858056880733901
1987-11-30,-5.14172995391705,-6.85875760368663,-5.20339032258064,-4.51859262672811,-5.42829861751152,-0.28656866359447
1987-12-31,9.65954675925926,10.2313050925926,8.77737546296296,6.42574291354444,2.29666712962963,-7.362879629629631
1988-01-29,3.10696743119266,3.97228807339449,5.04002119815668,6.55100138248848,9.94282477064221,6.83585733944955
1988-02-29,7.99697018348624,9.51903797110137,8.59529266055046,7.47655412844037,3.70292385321101,-4.294046330275229
1988-03-31,2.35709181818182,0.44432247706422,2.0962123853211,1.45225251141553,-1.17616363636364,-3.5332554545454604
1988-04-29,0.867287727272727,1.61986899554247,0.575502283105023,0.706479452054794,-0.0839981818181816,-0.9512859090909086
1988-05-31,-0.877457077625571,-1.02721872146119,-0.0999600000000002,0.158221559633028,0.000877064220183153,0.8783341418457542
1988-06-30,7.3603592537557,8.10524700460829,5.88920917431193,6.56604036697247,7.60711513761468,0.24675588385898006
1988-07-29,-2.28948495575221,-1.14415973451327,-0.317939647577092,-0.930093612902655,0.184825991189427,2.474310946941637
1988-08-31,-2.5973135371179,-2.95005973451328,-1.78944692982456,-1.12819868421053,-2.91793144104804,-0.32061790393014
1988-09-30,2.96482731277533,3.71842345132743,4.2539889380531,3.3288845814978,2.81932555066079,-0.14550176211454025
1988-10-31,-0.431578761061947,0.896246666666667,0.945407555555556,0.896483185840709,0.496291150442478,0.927869911504425
1988-11-30,-3.15640265486726,-2.86876769911504,-2.63263053097345,-2.63825,-3.7425203539823,-0.5861176991150403
1988-12-30,3.84488844444444,3.26886311111111,3.22326031774107,2.72588311111111,2.73751422222222,-1.1073742222222198
1989-01-31,5.6885529147982,4.66234484304933,5.89040986547085,4.76218513513513,6.62679506726457,0.93824215246637
1989-02-28,0.0422143497757847,-0.549414932126698,0.786397297297297,0.117072072072072,-0.271290582959642,-0.3135049327354267
1989-03-31,2.38945225225225,1.55811306306306,2.66421936936937,1.41894594594595,1.11917927927928,-1.27027297297297
1989-04-28,3.7758509009009,5.40957409090909,3.55627194570136,3.0577539854923,3.2905463963964,-0.4853045045044997
1989-05-31,3.41170950226244,4.862885,3.29939566995385,3.58841945701357,4.8076556561086,1.3959461538461597
1989-06-30,-1.20656606334842,-0.766106363636363,-0.881335,-1.08125318181818,-0.718058371040724,0.4885076923076961
1989-07-31,4.90381428571428,7.41087130044843,6.78111696428571,4.76015109304933,5.902353125,0.99853883928572
1989-08-31,2.06627623318386,1.51884054054054,3.56519189189189,1.44969865470852,4.64325178571429,2.5769755525304303
1989-09-29,-1.2003399103139,-0.540772398190045,-0.83759054054054,-0.329634684684685,-0.938065470852018,0.2622744394618821
1989-10-31,-6.06216756756756,-4.92504504504504,-5.08489774774775,-4.51857162162162,-7.57223423423423,-1.5100666666666704
1989-11-30,0.933272072072071,1.55049592760181,1.35733513513514,1.33762081447964,0.0839932432432431,-0.8492788288288279
1989-12-29,1.09455248868778,0.241101809954751,1.69657590909091,1.70918823529412,-2.80951312217195,-3.90406561085973
1990-01-31,-7.82671590909091,-7.64241643835617,-7.61170319634703,-6.39261872146119,-8.98554703196347,-1.1588311228725603
1990-02-28,1.47973318181818,1.92316743119266,1.54418584474886,1.70948310502283,2.37383409090909,0.89410090909091
1990-03-30,4.15889817351598,3.7736247706422,2.59258577981651,2.33386743119266,2.29144794520548,-1.8674502283105001
1990-04-30,-2.78394474885845,-3.52253302752293,-4.29820137614679,-4.87519908256881,-7.07456438356164,-4.29061963470319
1990-05-31,9.88069041095891,7.6655385321101,7.55011872146119,6.23349128440367,5.19084200913242,-4.689848401826491
1990-06-29,-0.355957798165138,0.778610091743119,-0.256084331797236,-1.25335825688073,-1.64064770642202,-1.284689908256882
1990-07-31,-1.44406181818182,-2.27196363636364,-2.19844292237443,-2.57141636363636,-4.00851227272727,-2.56445045454545
1990-08-31,-11.1477466063348,-10.3439222727273,-11.4393236363636,-10.5427631818182,-13.0675994794276,-1.9198528730927986
1990-09-28,-7.62106272727273,-6.30111590909091,-6.02775272727273,-6.35593681818182,-11.5526935779817,-3.9316308507089692
1990-10-31,-6.68058409090909,-3.36471363636364,-3.53538090909091,-1.63307636363636,-7.10926227272727,-0.4286781818181806
1990-11-30,7.45996590909091,8.05693926940639,7.08369863013698,7.82107899543379,10.4666513636364,3.00668545454549
1990-12-31,3.20247818181818,3.37668486238532,4.29077762557077,3.46893287671233,3.91583954545455,0.7133613636363703
1991-01-31,7.23795701357466,7.2900894977169,6.68364705882353,6.55265727272728,10.3858058823529,3.1478488687782393
1991-02-28,11.0744443438914,9.27594155251142,8.81781590909091,9.11945636363637,14.7426773755656,3.6682330316742
1991-03-28,3.14569049773756,4.1278262443439,3.96379321266968,5.46558416289593,4.66422036199095,1.5185298642533902
1991-04-30,0.0830328828828834,1.14898681818182,0.498285520361991,-0.0891936651583713,2.14543558558558,2.0624027027026965
1991-05-31,3.69009775784753,3.99326396396396,3.68417757847534,5.79677432432432,5.32019237668161,1.6300946188340801
1991-06-28,-5.27286950672645,-3.68451801801802,-3.27733378378378,-3.98457567567567,-4.9529798206278,0.31988968609864976
1991-07-31,3.13997,3.643105,2.78825753424658,3.765065,4.64303681818182,1.5030668181818196
1991-08-30,3.40473105022831,2.41101552511416,2.68817625570776,3.36779908675799,2.1137803652968,-1.2909506849315098
1991-09-30,-1.69269363636364,-1.3402497716895,-0.882961363636363,1.26357123287671,0.679125,2.37181863636364
1991-10-31,1.16177681818182,0.831144748858447,0.259987727272728,1.65305799086758,1.24489363636364,0.08311681818182004
1991-11-29,-3.84915045454545,-4.506425,-3.89347899543379,-3.87267909090909,-5.03496681818182,-1.1858163636363699
1991-12-31,8.35472697874144,10.1129936363636,9.07266561085972,9.23788353819774,5.56174774774775,-2.792979230993689
1992-01-31,5.05959136363636,3.40441719457014,2.97752590909091,2.23968454545455,6.86231538461539,1.8027240209790296
1992-02-28,3.49053681818182,2.19819954545454,2.31607863636364,2.29877136363636,4.40478090909091,0.9142440909090896
1992-03-31,-3.12638018018018,-1.85652739726027,-1.66501485134299,-1.02193122171946,-2.06567342342342,1.0607067567567596
1992-04-30,-2.68004260089686,-0.0611230769230769,1.02440678733032,0.92812972972973,-0.881149775784753,1.798892825112107
1992-05-29,0.291394618834081,0.290900452488687,-0.181858108108109,0.871877477477478,-0.0202161434977578,-0.3116107623318388
1992-06-30,-4.91543828828828,-2.88210495495496,-2.64861846846847,-1.29643918918919,-2.26254954954955,2.6528887387387305
1992-07-31,4.24896418604651,3.63098372093024,4.57914579439252,5.05287488372093,2.94445209302325,-1.3045120930232597
1992-08-31,-2.49801935483871,-1.53814232558139,-1.374475,-0.747931481481481,-2.56209124423963,-0.06407188940091979
1992-09-30,1.45999262672811,1.01434884792627,2.03771382488479,0.738882949308757,1.59108248847926,0.13108986175115
1992-10-30,4.61357716894977,3.23107201834862,2.53265504587156,1.56830733944954,0.944575799086758,-3.669001369863012
1992-11-30,5.44378219178082,5.68703789954338,5.74601467889908,4.23682739726027,7.1987799086758,1.7549977168949802
1992-12-31,2.78899136363636,1.22372191780822,1.81570410958904,2.96771095890411,4.56361408513545,1.7746227214990902
1993-01-29,3.11088340807175,1.6435527027027,1.25352421524664,2.96073333333333,4.77241576576577,1.6615323576940204
1993-02-26,0.378383035714286,-0.377417410714286,-0.728164285714286,1.67575714285714,-0.560830803571429,-0.939213839285715
1993-03-31,4.79868097345133,3.41644177777778,2.47871822222222,3.21143955555555,3.14510398230089,-1.65357699115044
1993-04-30,-3.14726563876652,-2.09929867256637,-2.49610398230088,-2.08191460176991,-3.40165154185022,-0.2543859030836999
1993-05-28,4.4906048245614,4.33798849557522,3.04930572687225,2.70081365638766,1.72557894736842,-2.76502587719298
1993-06-30,0.705642982456141,-0.425410572687225,0.065484649122807,0.950076651982379,-0.0897830162325995,-0.7954259986887405
1993-07-30,-0.124815853658537,-1.47466108258449,0.378368699186992,1.37417714285714,1.53774878048781,1.6625646341463471
1993-08-31,4.57017854251012,4.37582498235887,4.31860282258065,2.7355935483871,3.02570685483871,-1.5444716876714097
1993-09-30,0.483897975708502,1.21911255060729,0.0930048387096773,0.441044354838709,1.52505201612903,1.041154040420528
1993-10-29,3.0106756,1.82027943548387,1.32461606425703,0.757714112903226,0.782216799999999,-2.2284588000000007
1993-11-30,-1.864742,-1.59912891566265,-2.57782168674699,-3.04096652077952,-2.0200456,-0.1553036000000001
1993-12-31,3.94697550200803,4.13107911646586,2.5856971659919,3.03804327576707,1.8711453815261,-2.07583012048193
1994-01-31,4.36700992063492,3.03721752988048,2.50861792828685,1.9431464,4.37471483641508,0.007704915780160526
1994-02-28,-0.262302371541502,-1.50565418326693,-1.1611123015873,-1.66421195219124,-0.663110276679842,-0.40080790513834
1994-03-31,-4.48670515873016,-4.1709684,-4.52293625498008,-3.77967051792829,-3.21674484126984,1.2699603174603205
1994-04-29,1.42168486055777,0.946970517928287,0.984802,1.02531912350598,0.0903701195219122,-1.331314741035858
1994-05-31,-0.317439840637449,-0.555484462151394,-0.0698227091633465,-0.267580079681275,-0.336407569721115,-0.018967729083666007
1994-06-30,-2.59479523809524,-2.39518207171315,-1.93994143426295,-2.75351274900398,-2.26126904761904,0.33352619047620014
1994-07-29,2.4754505703422,2.69118522727273,3.02970795454545,2.23913939393939,2.41702803030303,-0.05842254003917002
1994-08-31,6.10921482889734,4.33370076045627,4.6617713740458,3.17089391634981,3.82039362997414,-2.2888211989231997
1994-09-30,-0.932279847908745,-1.4419751908397,-1.83053954372624,-1.8839465648855,-2.21601340996169,-1.2837335620529453
1994-10-31,0.554112927756653,0.607864503816794,0.110201520912548,0.789162213740458,-1.02328288973384,-1.577395817490493
1994-11-30,-5.34673688212927,-4.6194066055479,-4.11346498469694,-3.14013664122138,-4.13054334600761,1.2161935361216596
1994-12-30,0.989862121212121,1.9233606870229,2.33480760456274,0.438945627376426,1.69447234848485,0.704610227272729
1995-01-31,0.112558426966292,0.467639782572076,1.13633345864662,1.48315,3.24786516853932,3.135306741573028
1995-02-28,4.0940045112782,4.54022927756654,3.28561283018868,4.48942943396226,3.96504661654135,-0.12895789473685015
1995-03-31,3.83070351862556,3.54410714285714,1.88467640449438,0.955546240601503,-0.484563670411985,-4.315267189037545
1995-04-28,1.05767265917603,2.2531404494382,0.969821268656716,2.27701947565543,2.72265447761194,1.6649818184359102
1995-05-31,1.42090708955224,2.35878098102602,2.49015468164794,2.54768624535316,4.71103828996282,3.2901312004105803
1995-06-30,3.96560145788178,2.18743146067416,1.8385947761194,2.24685576208178,3.3432493922837,-0.6223520655980801
1995-07-31,3.95047560137457,4.90693793103449,3.56879587628866,3.09268206896552,4.23599246575343,0.2855168643788599
1995-08-31,1.57836054421769,0.58748156996587,0.945079591836735,1.70776198630137,3.12409977522789,1.5457392310102
1995-09-29,1.46595,2.48065544217687,1.50120648464164,2.79364795918367,2.03370614334471,0.5677561433447098
1995-10-31,-5.42582823129252,-3.13583993174062,-3.52319897959183,-2.66341433447099,-4.50766258503402,0.9181656462585002
1995-11-30,5.31937457627119,5.06490716723549,3.76251972789116,3.97023684554285,3.49634719539153,-1.8230273808796595
1995-12-29,2.38826440677966,1.79530813559322,1.95279829931973,2.67858440677966,2.19212615564966,-0.19613825113000027
1996-01-31,1.95247348993289,1.86823513513514,1.88427474747475,0.737867676767677,1.49895506756757,-0.4535184223653199
1996-02-29,3.96864545454546,2.09181824324324,2.06071784511784,1.87880168918919,1.39433265993266,-2.5743127946128
1996-03-29,3.42922053872054,3.31378720538721,2.80193232323232,2.43705857709933,2.46533639163131,-0.9638841470892303
1996-04-30,6.07499259259259,3.26251993243243,2.5681861952862,1.6646213559322,2.69567457627119,-3.3793180163214003
1996-05-31,3.32663783783784,2.09117661016949,2.11786587837838,2.57190169491525,3.45882601351351,0.1321881756756702
1996-06-28,-2.60932169491525,-2.10255016949153,-1.14632305084746,0.113988813559322,-2.10127674911661,0.5080449457986398
1996-07-31,-7.37816699669966,-6.51280690789474,-4.92821254125413,-4.9651302631579,-6.19203552631579,1.1861314703838701
1996-08-30,5.13178436285927,3.30737052980132,4.59188504983389,4.11839801324503,4.73976225165563,-0.39202211120363994
1996-09-30,3.4520225669835,4.3495417218543,2.96450825082508,2.86023894389439,3.12954144736842,-0.32248111961507986
1996-10-31,0.0184375000000005,-0.169048852459016,0.166824342105264,2.08400459016394,0.869946229508197,0.8515087295081964
1996-11-29,3.33589444444444,5.05096229508197,4.97461111111111,5.42700426229508,5.66024710451993,2.3243526600754896
1996-12-31,0.177090048957655,0.0275546516708195,0.420549381795752,1.25505359477124,2.20069639899869,2.023606350041035
1997-01-31,3.84118524590164,3.02902221653312,2.97276459016393,3.92321111111111,3.07919737704918,-0.7619878688524597
1997-02-28,-3.10401213114754,1.05235445544555,0.725945025157895,2.05044013157895,0.883409868421052,3.987421999568592
1997-03-31,-2.97181836065574,-2.90442894736842,-2.57529013157895,-3.15460799424066,-4.22431078431373,-1.2524924236579906
1997-04-30,-0.277806557377049,1.76281414473684,2.18497293729373,1.53841141308416,1.25659803278688,1.534404590163929
1997-05-30,11.2094904918033,7.94067656765677,6.79469276315789,7.53070165562914,8.12363182955672,-3.0858586622465793
1997-06-30,4.54460918032787,4.78318947368421,4.65783092105264,5.2360798679868,5.58035328947368,1.03574410914581
1997-07-31,5.68894553846154,5.50880743034056,5.85579452950679,6.11007423887802,6.16098148148148,0.47203594301994034
1997-08-29,1.14694858449692,-0.181670679012346,0.634903366671605,-0.297497530864198,1.30337583692615,0.15642725242923006
1997-09-30,5.63030807453416,5.79589534161491,5.72637826086956,6.0933160990712,7.59070751461703,1.9603994400828704
1997-10-31,-4.1140475308642,-3.87258544891641,-2.9595987654321,-2.62655714285714,-2.82304485249876,1.29100267836544
1997-11-28,-1.16579907692308,0.279925386996904,2.2094166649608,2.18649598765432,0.737639628482972,1.903438705406052
1997-12-31,0.767162652124616,1.36110247678019,1.77244055727554,3.33525627992593,3.14534814128769,2.378185489163074
1998-01-30,-1.64004492307692,-0.683151692307692,-0.892529538461539,-1.20803097344691,-1.97171797869292,-0.3316730556159999
1998-02-27,9.22607399380805,7.59269627329192,7.01242321981424,6.7884023491838,7.21715606369316,-2.0089179301148903
1998-03-31,5.26655585478509,4.30876413828944,4.56586046544565,5.48909628408224,5.121326875,-0.14522897978508986
1998-04-30,1.67449875776397,0.373365420560748,0.586874844720497,-0.278575206028572,0.777314860681114,-0.8971838970828561
1998-05-29,-4.97866037692919,-3.123031875,-3.3598346875,-2.9228199331271,-3.13178322981366,1.8468771471155296
1998-06-30,-0.838411120265314,-0.608360436137072,-0.508476319530313,-0.247378747903125,-1.42110412471527,-0.5826930044499561
1998-07-31,-7.68011041054224,-6.08033781255576,-5.134084375,-6.72882018633541,-6.3304696875,1.3496407230422403
1998-08-31,-18.9027190031153,-17.6079646719826,-17.3379320872274,-13.2848427244582,-16.7741291925466,2.128589810568702
1998-09-30,5.75925358255452,5.5493734375,4.63056728971963,4.41687750372897,0.800303209521492,-4.958950373033028
1998-10-30,7.65644080996885,7.73649968652038,6.55626915887851,4.616166875,4.2983,-3.35814080996885
1998-11-30,3.64764433962264,4.39496855345912,5.04303974763407,3.54427624911824,2.87581603773585,-0.77182830188679
1998-12-31,4.28791044970566,4.70400248801893,2.9982614805735,1.83083282591551,0.623637032279246,-3.6642734174264144
1999-01-29,-1.38927515723271,-1.52637594936709,-3.02324984227129,-3.11042523659306,-1.80333238993711,-0.4140572327044001
1999-02-26,-5.72363690851735,-5.07582911392404,-4.98125930599369,-4.01786107594937,-7.83031829644557,-2.1066813879282202
1999-03-31,1.01238069620253,0.222612541066242,0.615764444444444,0.608484444444444,2.4604002394019,1.44801954319937
1999-04-30,7.19074455711465,9.18454728434504,10.5560939297125,12.7373519230769,15.3607948881789,8.17005033106425
1999-05-28,-0.524294855305465,2.16904308681672,2.54991955128205,3.3287961414791,2.74945483870968,3.273749694015145
1999-06-30,4.47559871794872,4.66055496410257,2.81055980707395,3.28452435897436,1.90718012820513,-2.56841858974359
1999-07-30,-3.22716870967742,-1.62673624595469,-1.77087169154645,-0.986948876280644,-0.813870873786409,2.413297835891011
1999-08-31,-3.4628038961039,-4.92731555794104,-4.34708986928105,-4.66895947712418,-4.66730714285714,-1.2045032467532404
1999-09-30,-3.63190947712418,-2.34165181518152,-3.67738257622164,-3.66247574175377,-4.28546504425948,-0.6535555671352999
1999-10-29,0.295900657894737,0.880403856960065,-0.145324283809272,-1.93094747977881,-3.85756534653465,-4.153466004429387
1999-11-30,1.06225344933867,1.82043043478261,-1.09204004035084,0.446654849498328,2.264216,1.2019625506613298
1999-12-31,4.67707567567567,3.04917939189189,0.959013513513513,2.35451694915254,0.861494612794614,-3.8155810628810563
2000-01-31,-4.07514331355932,-5.60810884353741,-5.1475343537415,-3.45510237288135,-2.7342813559322,1.3408619576271197
2000-02-29,0.55947747440273,-4.06511911262798,-3.51717925170068,-3.267067142714,-2.19107925170068,-2.75055672610341
2000-03-31,9.60463285017123,10.4449422680412,10.0496642611684,8.2490505691407,5.53789863013699,-4.06673422003424
2000-04-28,0.014266549295775,-0.97100979020979,0.335484615384616,1.23497816901408,0.160039510489511,0.145772961193736
2000-05-31,-0.885844575036972,0.890600021027659,1.92456749116608,-0.381624113475177,-0.858443816254417,0.02740075878255499
2000-06-30,2.64129503546099,-0.165215648821429,-1.73318120567376,-0.988520996441282,-0.316805673758866,-2.958100709219856
2000-07-31,-1.71630482758621,1.30313068965517,3.63300655172414,3.52269517241379,3.28305979381443,4.99936462140064
2000-08-31,6.13968894231173,4.51512214532872,5.1251322077564,5.84952847222223,7.22964543785448,1.0899564955427508
2000-09-29,-3.90049131944444,-0.318107692307692,0.588509688581315,1.15525261324042,-1.47931675347222,2.42117456597222
2000-10-31,-1.35678919860627,2.30447438596491,0.702097192982455,0.310444405594405,-1.80108741258741,-0.44429821398114
2000-11-30,-7.79271468531468,-2.57044934828944,-0.842193639402105,-0.495569122807018,-3.9967958041958,3.79591888111888
2000-12-29,6.6449074204947,8.2641489503546,9.41331071428571,8.63459956537872,8.0067659574468,1.3618585369521004
2001-01-31,7.66075519713261,2.70018992805756,3.10152993552652,6.36930539568345,14.9305533585714,7.26979816143879
2001-02-28,-5.48032563176896,-0.681402181818181,0.33495559566787,1.28917302304565,0.290775741482608,5.771101373251568
2001-03-30,-6.33806872727272,-3.59065583941606,-1.69408198778218,-1.7659110701107,-4.33275620437957,2.00531252289315
2001-04-30,10.6373476190476,6.19493173431734,4.27603970588235,4.79201217764834,5.79004212454212,-4.8473054945054805
2001-05-31,2.99062435424354,3.7383332103321,4.88978081180812,4.84799740740741,8.88247286245353,5.891848508209991
2001-06-29,-3.86082977941177,-1.11068666666667,2.10875977859779,1.43063837638376,2.76808592592593,6.6289157053377
2001-07-31,-1.69141033210332,0.569901497175555,-1.02095740740741,0.485865801962964,0.249119871366789,1.940530203470109
2001-08-31,-3.86644981412639,-1.4569515037594,-1.18018582354478,-0.433143071161048,-1.98063208955224,1.88581772457415
2001-09-28,-11.2397443609023,-9.91040154499849,-10.6226969811321,-12.0040981132075,-15.6336447368421,-4.3939003759398005
2001-10-31,4.15640416666666,2.8651680608365,2.63401682484659,2.82070229007634,2.93302098550985,-1.22338318115681
2001-11-30,6.15918664122137,6.87639578544061,6.86047203065134,7.38969730769231,6.97013816793893,0.8109515267175595
2001-12-31,6.09868730769231,5.00631042471042,5.25443384615384,5.95313397683398,8.54572513468385,2.447037826991541
2002-01-31,-1.7568444015444,0.585037841751938,0.414099227799228,1.16012635658915,2.66036279069767,4.417207192242071
2002-02-28,0.0873465116279067,1.00965642023346,2.18202015503876,3.36942131782946,1.38993813229572,1.3025916206678134
2002-03-28,6.8677673151751,7.16943803921568,7.036758203125,7.187748046875,11.7174147859922,4.849647470817101
2002-04-30,-0.11514375,0.432065354330709,1.43089803921569,3.19609333333333,3.4072765625,3.5224203125
2002-05-31,-1.60111653543307,-0.858846456692914,-2.2888,-2.0784688976378,-2.30238661417323,-0.7012700787401598
2002-06-28,-7.44498858267716,-5.41331897233202,-4.16096950877441,-2.80206403162055,-3.40820633365984,4.03678224901732
2002-07-31,-11.3345904166667,-9.60921625,-10.4141359704895,-10.7615251046025,-13.5906741666667,-2.25608375
2002-08-30,-0.696786307053943,1.56057731092437,0.958182845188284,1.48095208333333,1.04556862365768,1.742354930711623
2002-09-30,-7.62637989202666,-6.65428708333333,-6.95018125,-7.49298791666666,-8.9464330543933,-1.3200531623666398
2002-10-31,1.54036485355648,3.67585084033614,1.68179539748954,1.51389037656904,1.40859790794979,-0.1317669456066901
2002-11-29,9.00724351464434,4.56341213389121,6.60226234309623,6.46897907949791,5.51020376569038,-3.49703974895396
2002-12-31,-3.20518619246862,-3.52982970711297,-1.942910041841,-1.01512635983264,-0.158898326359832,3.046287866108788
2003-01-31,-2.38920376569038,-3.69814852320675,-2.94718445378151,-2.88323151260504,-1.12364159663866,1.2655621690517203
2003-02-28,-3.23116764705882,-2.63270675105485,-3.20108734177215,-3.08616244725738,-2.59918529411765,0.6319823529411699
2003-03-31,-0.255243037974683,1.76967848101266,0.678961603375528,0.320613502109704,1.30746075949367,1.562703797468353
2003-04-30,8.27732478991596,7.08053474576272,7.71246540084388,8.57099156118144,11.7686478991597,3.491323109243739
2003-05-30,8.31457245762712,7.20079279661017,8.16826525423729,8.4048563559322,12.3657423728813,4.05116991525418
2003-06-30,1.91228523206751,2.11719702127659,2.09755805084746,3.04598813559322,3.53911729957806,1.62683206751055
2003-07-31,3.56206465863453,3.33718835341366,3.02071686746988,4.14589799196787,3.44890281124498,-0.11316184738954993
2003-08-29,5.41272270916335,3.48651887550201,3.6140148,2.5148464,4.64004980079681,-0.7726729083665402
2003-09-30,-2.2219656,-1.264446,-0.9862788,-0.9411844,-0.5004376,1.7215279999999997
2003-10-31,7.2033636,6.01661204819277,6.3852543565056,7.78680602409638,9.7681452,2.564781599999999
2003-11-28,3.04159003984064,3.03837791164659,3.34234578313253,3.0469748,3.93390916334661,0.89231912350597
2003-12-31,5.00009357429718,4.670898,3.84967751004016,4.3027836,4.47399494978,-0.5260986245171804
2004-01-30,2.25186626506024,1.84066814516129,1.94988588709677,2.33941088709677,2.87947258064516,0.6276063155849201
2004-02-27,3.08788830645161,2.10571389210403,2.47957085020243,2.81878911290323,3.79811008064516,0.7102217741935504
2004-03-31,0.162334008097166,0.172159514170041,0.833899607689878,0.323502024291498,1.25528709677419,1.092953088677024
2004-04-30,-1.7921983805668,-1.10627591836735,-1.28309756097561,-2.06012520325203,-2.5707032388664,-0.7785048582995999
2004-05-28,1.25658455284553,1.12430081632653,-0.133026422764228,1.01320612244898,-0.141887398373983,-1.398471951219513
2004-06-30,4.56490816326531,3.31512131147541,4.22289265306123,3.80223675374099,4.21171630822204,-0.3531918550432698
2004-07-30,-4.75096378655889,-4.91044780876494,-3.07957103174603,-3.3674828685259,-2.64083531746032,2.1101284690985698
2004-08-31,-0.4474152,-0.2494744,0.278076892430279,0.9096376,0.0981204460856572,0.5455356460856572
2004-09-30,5.99892390438247,3.6936804,3.2366062131904,3.4997244,4.311440405132,-1.6874834992504697
2004-10-29,0.7930016,1.55899799196787,0.843848387096774,1.86922128514056,0.875959839357429,0.08295823935742908
2004-11-30,8.3689708,6.64964819277108,8.1725579165,6.22288554216867,8.7557964,0.3868255999999999
2004-12-31,2.69853944223107,3.5950636,3.27933935742972,3.9766664,3.66426334661355,0.9657239043824801
2005-01-31,-1.6493784,-1.77160725806452,-1.665428,-2.22945180722892,-1.2264192,0.4229592
2005-02-28,4.0904132,2.87044337349397,2.552538,1.68447550200803,2.7480188,-1.3423944000000003
2005-03-31,-1.7568092,-0.857433333333332,-1.08984457831325,-0.0762128514056224,-1.7061904,0.05061879999999985
2005-04-29,-5.7223784,-3.7068628,-3.8391512,-4.0159852,-4.8676568,0.8547216000000004
2005-05-31,5.2303912,4.8525896,4.890844,4.0955748,5.9553904,0.7249992000000001
2005-06-30,3.7190312,2.54661693548387,2.54297630522088,3.6152160216739,3.8801708,0.16113960000000027
2005-07-29,7.16601822633071,4.50995811320755,5.07631698113207,3.50822180451128,6.51053333333333,-0.6554848929973796
2005-08-31,-0.415318113207547,-0.982191729323307,-0.84152750774717,-1.54488082706767,-0.445308270676692,-0.029990157469144962
2005-09-30,1.56702061106679,0.404861886792452,-0.119034848484848,0.529164528301888,1.50610965460302,-0.06091095646376998
2005-10-31,-4.19108943396226,-2.8454912867449,-2.02465902255639,-2.73865871212121,-4.03302293233083,0.15806650163142955
2005-11-30,4.32190909090909,5.33765478086136,3.57438212927757,4.08025492424242,4.21905,-0.10285909090908962
2005-12-30,1.60459698113208,1.4235927480916,0.256900757575758,0.1169,0.391395248737736,-1.213201732394344
2006-01-31,8.42455285171104,6.50334714828897,4.7004393615019,5.65925893536122,5.8704280234,-2.55412482831104
2006-02-28,-2.3929855513308,0.92812183908046,-0.147286590038314,0.852309641448275,-1.11395916030534,1.27902639102546
2006-03-31,4.33159427480916,3.98547615384616,2.63214834295364,2.751335,2.88531395040458,-1.4462803244045803
2006-04-28,2.22426692307692,1.28336627906977,0.937445173745174,0.954509652509653,1.4771332046332,-0.7471337184437199
2006-05-31,-3.74484478764479,-3.6371346303502,-2.97033759689922,-3.47659263565891,-3.36018764478764,0.3846571428571499
2006-06-30,0.436928793774319,-0.629296887159533,0.0538350194552528,-0.0423810535011674,0.166575486381323,-0.270353307392996
2006-07-31,-2.71395589353612,-2.35827480916031,-1.95970534351145,-1.45559425287356,-2.35151482889734,0.3624410646387801
2006-08-31,2.82792900763359,3.12310268199234,2.4119877394636,1.85539463601532,1.58410076335878,-1.2438282442748099
2006-09-29,-0.282492720306513,2.49750574712644,1.58860957854406,2.57000240381916,1.28569042145594,1.568183141762453
2006-10-31,5.59674007633588,5.28122029565402,4.6188908045977,4.32926461538462,4.91278396946565,-0.6839561068702302
2006-11-30,5.25351647509578,3.16238730769231,2.44354597701149,3.86154900994061,2.46459837056897,-2.78891810452681
2006-12-29,-0.0744633204633205,0.846733333333334,1.14984856867954,1.74370194552529,1.50450620155039,1.5789695220137105
2007-01-31,2.35058178294573,3.14615914396887,2.34114474708171,2.07232984496124,2.54243488372093,0.1918531007751998
2007-02-28,0.0447421875000002,-0.363243359375,0.33921015625,-0.0322464843749998,-0.247847450980393,-0.2925896384803932
2007-03-30,1.89517265625,1.62918588235294,1.4901671875,0.857521568627451,0.62984089019375,-1.26533176605625
2007-04-30,4.44033307086614,2.74657764705882,2.73094094488189,2.75671294117647,4.78634960629921,0.34601653543307
2007-05-31,5.28027992125984,4.30206908458261,4.03910157480315,2.92408424596127,5.17238420888189,-0.10789571237795048
2007-06-29,-0.628104724409449,-1.11442231075697,-1.58267633961818,-1.3496390438247,-2.92391936758893,-2.2958146431794813
2007-07-31,-4.7056053030303,-3.94238479087453,-4.6535216730038,-5.35029319368594,-7.2956928030303,-2.5900875
2007-08-31,-0.00622022900763415,0.554729885057471,1.93954580152672,-0.0338480769230765,-2.71439198473283,-2.708171755725196
2007-09-28,3.41116300354769,1.79050192307692,1.76960170126486,0.133704615453462,1.00107846153846,-2.41008454200923
2007-10-31,4.78861312741312,2.27419227799228,2.15363618677043,0.71287519379845,-0.486064615384615,-5.274677742797735
2007-11-30,-7.20903875968992,-5.22837743190662,-5.92441750972763,-5.86933151750973,-7.74857906976744,-0.5395403100775198
2007-12-31,0.0154027115011722,-0.285182352941176,-1.77001796875,-1.42236048691181,-0.768649609375,-0.7840523208761723
2008-01-31,-6.96941071428572,-7.03360275590551,-4.54699603174603,-2.22230830039526,-1.04489094488189,5.9245197694038305
2008-02-29,-0.292498814229249,-0.962675494071147,-2.51411673306773,-3.84968577075099,-3.4687395256917,-3.176240711462451
2008-03-31,-0.584955555555555,-0.45624246031746,0.113248207171315,-1.01685674603175,-3.23845436507937,-2.653498809523815
2008-04-30,4.65569043824701,5.95563147410358,3.96030358565737,3.46980916334662,4.0903438247012,-0.5653466135458105
2008-05-30,5.0143156,4.24924200000001,4.0879684,5.1158584,0.70201676473,-4.31229883527
2008-06-30,-6.0624276,-6.41102849622088,-9.4556416,-9.8682592,-14.8914588147072,-8.8290312147072
2008-07-31,-2.1717564,0.537050799999999,2.24683775100402,1.0023827309237,1.6668836,3.83864
2008-08-29,3.19654939759036,2.45071814516129,3.36855685483871,3.98874637096774,5.09349959839357,1.89695020080321
2008-09-30,-13.1357858870968,-11.3535105691057,-9.04369797570851,-8.2849028340081,-10.4302334677419,2.7055524193549
2008-10-31,-25.1567520120304,-21.8344436734694,-19.5163467479675,-21.5885605691057,-24.2913842038972,0.8653678081332004
2008-11-28,-13.9725714285714,-10.5065756097561,-9.52496653061225,-11.4246105691057,-12.555781147541,1.4167902810304014
2008-12-31,6.58552285714286,4.62086721311475,5.79902172131148,5.7066554963082,9.3644441397649,2.778921282622041
2009-01-30,-6.09289547325103,-7.74356280991736,-7.27469008264463,-11.5622307053942,-14.3366341666667,-8.24373869341567
2009-02-27,-10.6823336099585,-11.0237356846473,-11.8210058091286,-15.0798066390042,-15.8815307053942,-5.1991970954357
2009-03-31,10.9513783333333,9.24817178423236,9.88212738589212,12.9469377593361,12.5835821576764,1.6322038243430992
2009-04-30,20.9372950207469,17.9972029166667,17.1449481327801,29.0480658333334,33.2252755186722,12.287980497925297
2009-05-29,7.16185556275934,4.2558775,5.83395583333333,8.28820708333333,11.6428037344398,4.480948171680461
2009-06-30,1.21012125,1.20842083333333,-0.231968333333333,-0.611186734250834,-1.9677601659751,-3.1778814159751
2009-07-31,8.79047937050098,8.66608487804878,8.17221274509804,11.3266887804878,14.1953029411765,5.40482357067552
2009-08-31,3.63702338308458,2.42316467661691,5.00998706467662,4.85216616915423,4.85623415841584,1.21921077533126
2009-09-30,4.787827,4.5278635,4.9904425,5.5331785,8.3095695,3.5217425
2009-10-30,-4.27301306532663,-2.9667824120603,-2.6508696969697,-3.44600753768844,-5.86862964824121,-1.5956165829145803
2009-11-30,4.18333636363636,3.82515532994924,5.26842171717171,4.70343502538071,5.43460202020202,1.2512656565656606
2009-12-31,5.42523299492386,5.22649693877551,5.08903683911837,5.60862781062959,7.16798934010152,1.7427563451776598
2010-01-29,-4.48669489795919,-3.20198608247423,-3.07889381443299,-2.54117422680412,-3.31211071428572,1.1745841836734696
2010-02-26,4.16629959243897,4.20198556701031,3.76238955149128,3.54322268041237,4.47647743589744,0.31017784345846966
2010-03-31,6.89794010416667,7.13344715025907,6.3634387434555,7.2652792746114,7.53348860103627,0.6355484968695997
2010-04-30,5.574546875,3.74640368421053,5.02023403141361,3.58764083769634,4.985021875,-0.5895250000000001
2010-05-28,-6.93311413612566,-6.49972965284392,-6.62782368421052,-7.31724842105263,-9.8731277486911,-2.9400136125654406
2010-06-30,-7.26289633507853,-5.66647967914439,-4.73617421052632,-5.27087315789474,-8.61983979057592,-1.3569434554973903
2010-07-30,8.60223,6.689473,6.56204070351759,7.436852,8.4079545,-0.19427549999999982
2010-08-31,-6.01207313432836,-5.5853855,-4.925758,-5.2594545,-6.2205,-0.20842686567164037
2010-09-30,12.6188873464876,11.7956598373572,9.57385671641791,9.79404925373134,11.1949980099503,-1.4238893365373002
2010-10-29,5.05891683168317,3.51520746268657,2.95441138613861,3.82218168316832,4.73530443349754,-0.32361239818563003
2010-11-30,3.79825911330049,3.3864801980198,1.91037339901478,1.51995495049505,0.725913300492611,-3.072345812807879
2010-12-31,8.50467733990148,6.99111527093596,6.65197227722772,6.00893399014778,6.57206559168473,-1.9326117482167504
2011-01-31,0.026826341463414,0.552558620689655,0.15288774509804,1.95188676470588,2.22669509803922,2.1998687565758064
2011-02-28,4.59650053377059,4.11477009803921,4.6694112745098,4.56129705882353,4.935625,0.3391244662294097
2011-03-31,2.57333448275862,2.24594433497537,2.3878337142798,2.27537058823529,0.248828921568628,-2.324505561189992
2011-04-29,1.80495658536585,3.37823707317073,2.78284852941176,2.69703268292683,1.24063979190293,-0.5643167934629201
2011-05-31,-1.95792536585366,-0.647176790094634,-0.529248039215686,-0.906242881951219,-2.75903333333333,-0.80110796747967
2011-06-30,-1.87408682926829,-0.868286699507389,-1.15511617647059,-2.09492118226601,-2.27440424690244,-0.40031741763414996
2011-07-29,-2.5114599137931,-3.31831774891775,-3.70803879310345,-2.50686163793103,-4.49131034482759,-1.9798504310344898
2011-08-31,-8.98603175965665,-7.26588583690987,-6.198469527897,-5.88219957081545,-8.07207210300429,0.9139596566523593
2011-09-30,-14.19709527897,-11.5417568466556,-9.707775,-8.35506422413792,-10.7834240343348,3.4136712446352
2011-10-31,17.7206409482759,16.3508956521739,14.4163619047619,11.8477047413793,14.2471831896552,-3.4734577586207003
2011-11-30,-0.944680952380952,-0.158274891774892,1.08895826086957,0.198893073593074,-1.85038484848485,-0.905703896103898
2011-12-30,-1.55305584415584,-0.410930869565218,0.745213043478261,0.973778260869566,0.270522943722944,1.823578787878784
2012-01-31,8.98456739130435,6.43846113537118,6.01845956521739,5.62722401746725,7.7242,-1.2603673913043494
2012-02-29,3.57652707423581,3.97485021834061,3.16834585152839,3.35676637554585,3.8358847161572,0.2593576419213899
2012-03-30,1.07859344978166,1.97044736842105,2.37256093841266,1.25976096491228,1.72362052401747,0.64502707423581
2012-04-30,-0.414429257641921,-0.487913656387666,-0.336933333333333,-1.49088061674009,-2.46383799126638,-2.049408733624459
2012-05-31,-8.30107412280702,-7.01187675438597,-5.7027268722467,-7.66842324561404,-9.13948552631579,-0.8384114035087702
2012-06-29,4.30965198237886,2.85475330396476,2.57406548672566,4.1482550660793,3.96978105726872,-0.3398709251101395
2012-07-31,-0.525048290598291,0.807368510638298,0.303555319148937,0.150526808510638,-1.62537957446809,-1.100331283869799
2012-08-31,5.35974188034188,2.45170042918455,3.0679025751073,2.90532274678112,4.806,-0.5537418803418799
2012-09-28,3.7230931689094,3.24870515021459,2.4758594017094,3.62678583690987,4.01980982905983,0.2967166601504303
2012-10-31,-0.904749356223176,-0.27905,0.039019230769231,-0.474551709401709,0.319756837606838,1.224506193830014
2012-11-30,1.91951794871795,1.84118620689655,1.12403289548026,1.28276394849785,1.99885641025641,0.07933846153846003
2012-12-31,3.24393675213675,1.84181688311688,2.30279012875537,3.67724248927038,4.29113888888889,1.0472021367521398
2013-01-31,6.7837051948052,6.71635474137931,5.84063593073593,7.12783362068965,8.31947931034483,1.5357741155396303
2013-02-28,0.994373593073593,1.8307847826087,0.857545887445887,1.16765260869565,-0.00167594051082235,-0.9960495335844153
2013-03-28,4.68580346320347,4.22997991266376,4.91753608695652,3.76000436681223,4.07223051926234,-0.6135729439411302
2013-04-30,-1.38735670995671,0.175285652173913,0.190011255411256,0.341188260869565,0.0970183406113535,1.4843750505680635
2013-05-31,2.43993173913044,3.0551,2.81119344978166,3.73433580786026,6.64562347826087,4.20569173913043
2013-06-28,-1.92847292576419,-1.17381885964912,-0.999235087719299,-0.822525438596491,-1.20665065502183,0.7218222707423598
2013-07-31,6.00011515151515,6.38617260869565,6.09471956521739,6.81601478260869,7.47073852813852,1.4706233766233705
2013-08-30,-1.80261991341991,-2.76511739130435,-3.56348173913043,-3.51364913043478,-2.52394285714286,-0.7213229437229502
2013-09-30,6.33305826086957,4.49159375510261,5.40887391304348,5.55840260869565,5.33494695652174,-0.9981113043478302
2013-10-31,3.01566869565217,4.1556615720524,4.10740786026201,4.05626103021616,3.43074043478261,0.41507173913044015
2013-11-29,2.92049911894273,2.77787763157895,2.28779380530973,3.03329342105263,4.55739649122807,1.6368973722853397
2013-12-31,2.82821453744493,3.15468805309735,1.80218634361233,1.91565265486726,3.28683127753304,0.45861674008811004
2014-01-31,-3.44802422907489,-3.20285995461101,-3.61595044247788,-4.30260440528634,-4.74382202643172,-1.2957977973568298
2014-02-28,4.39269734513274,4.68279511111111,4.875572,5.3721389380531,4.6685628318584,0.27586548672565936
2014-03-31,-0.693751111111112,0.961926222222221,0.599261777777777,2.11667377777778,1.42191511111111,2.115666222222222
2014-04-30,-2.63310752212389,-0.321357896569334,-0.809638938053097,-0.17446,-1.05846858020619,1.5746389419177003
2014-05-30,0.970162831858407,1.54916875,1.66295088495575,1.60431155555556,-0.143829333333333,-1.11399216519174
2014-06-30,5.08598008849558,3.54006311111111,3.73609469026549,4.81382088888889,3.74433584070796,-1.3416442477876198
2014-07-31,-5.04503376068376,-4.53838626609442,-4.65192789699571,-4.60325236051502,-4.34489743589744,0.7001363247863193
2014-08-29,4.86741787234043,4.06035361702128,4.36740170940171,4.4897829787234,4.30410893617021,-0.5633089361702197
2014-09-30,-5.41448085106383,-5.00279570815451,-4.74042393162393,-4.42845769230769,-6.28338808510638,-0.8689072340425499
2014-10-31,2.80560893617021,3.91632085106383,4.9635094017094,5.1736029787234,3.90693191489361,1.1013229787233998
2014-11-28,-0.633753191489362,-0.0901495726495724,1.8749235042735,-0.00692435897435848,0.00281234042553195,0.636565531914894
2014-12-31,1.02144572649573,1.23076709401709,1.07997124463519,1.25419615384615,1.10633760683761,0.08489188034188011
2015-01-30,-4.90059184549356,-2.9155347639485,-2.98356810344828,-4.64768065257296,-4.04813519313305,0.8524566523605097
2015-02-27,8.12242758620689,5.84883391304348,6.12261904761905,5.71055608695652,6.52229612068965,-1.6001314655172392
2015-03-31,1.3798987012987,0.790591739130435,0.479968260869565,-0.280531890728261,0.199132034632035,-1.1807666666666652
2015-04-30,0.244466521739131,-0.562167826086957,-0.574814847161573,-0.152016593886463,1.0935647826087,0.8490982608695691
2015-05-29,-0.614094347826088,0.999206113537118,0.365553478260869,0.246281222707424,-0.404538260869566,0.20955608695652195
2015-06-30,0.218133630979039,-0.647741484716158,-1.33947336244542,-1.22642489082969,-0.755382532751091,-0.9735161637301301
2015-07-31,-3.50682719665272,0.432481589958159,-0.406774583333334,-1.73483791666667,-4.96333211830747,-1.45650492165475
2015-08-31,-6.74573347280335,-4.79782268907563,-5.68894560669456,-5.07299159663866,-3.91323025210084,2.8325032207025096
2015-09-30,-6.5061962184874,-3.42318945147679,-3.71234915966387,-5.30172658227848,-8.2231565662584,-1.7169603477709998
2015-10-30,5.23198193277311,6.4532670886076,7.08246790790507,6.74487594936708,8.80139029535865,3.5694083625855395
2015-11-30,1.16004936708861,1.36624810126582,0.946549361702127,1.31218987341772,-0.0189835443037975,-1.1790329113924076
2015-12-31,-4.93633220338983,-3.95873601694915,-4.69787627118644,-4.77917966101695,-8.42084152542373,-3.484509322033901
2016-01-29,-9.10599191489362,-6.93910553191489,-5.78863714930383,-5.70187617021276,-10.2794799651596,-1.1734880502659806
2016-02-29,1.6878829787234,1.82561196581197,1.91327061342137,1.92806581196581,0.697629914529914,-0.990253064193486
2016-03-31,8.78903418803419,8.95410299145299,8.89989313304721,9.07189572649573,12.856113304721,4.067079116686809
2016-04-29,4.33215818965517,1.54983376623377,2.39790228715517,4.78999523809524,7.41669310344828,3.0845349137931093
2016-05-31,2.19516493506493,1.06311485737792,1.17701703056769,0.731800432900433,-3.1649619047619,-5.36012683982683
2016-06-30,0.0509526086956532,-0.418474811689868,-0.330073362445415,-1.23734621147598,-0.381017391304348,-0.4319700000000012
2016-07-29,4.93819813953488,4.05264433962264,3.98430327102804,5.21958465116279,6.52338372093023,1.5851855813953497
2016-08-31,0.146862910798122,0.261173113207547,0.707355660377359,2.0837179245283,1.5262441314554,1.379381220657278
2016-09-30,0.800691549295775,0.323176753516902,0.438475943396226,-0.32078779342723,-0.0303507042253521,-0.8310422535211271
2016-10-31,-4.28870810392359,-2.90299024092095,-2.97162285714286,-1.9104682464455,-3.3440179245283,0.9446901793952902
2016-11-30,5.46826571428572,6.04098815165877,7.58899473684211,11.4855028436019,12.0092573459716,6.54099163168588
2016-12-30,1.8341672985782,2.37210782089952,2.21043428571429,2.38255476190476,4.04341279620853,2.20924549763033
2017-01-31,0.706737142857143,1.46084880382775,1.29105523809524,0.0654828571428572,1.68508857142857,0.978351428571427
2017-02-28,2.0075080952381,2.98502451923077,1.639604784689,1.70573636363636,0.977047142857143,-1.0304609523809571
2017-03-31,-0.47398038277512,0.278054767105314,1.09388365384615,-0.362770673076923,-1.48712488038277,-1.0131444976076498
2017-04-28,1.20150478468899,0.983442788461539,1.82771346153846,1.4682956937799,-0.561363157894737,-1.762867942583727
2017-05-31,-0.3010375,0.339462670627053,-0.654009661835748,-1.72423043478261,-4.82656442307692,-4.52552692307692
2017-06-30,1.66862560386474,2.32275679611651,2.37220436893204,3.57483893206087,5.19991875,3.53129314613526
2017-07-31,0.692397183098592,1.51795990566038,0.512220754716982,-0.0310844339622643,1.7415765258216,1.049179342723008
2017-08-31,-0.543878012932394,-0.311980516445498,-1.31580758293839,-2.45699843055094,-2.88339154929577,-2.3395135363633757
2017-09-29,4.96378493734762,4.22553921245857,4.96008909952607,4.92318095238095,7.51892132701422,2.5551363896665995
2017-10-31,1.26165885167464,1.82012651446154,1.81444380952381,0.980326923076924,1.83167619047619,0.5700173388015499
2017-11-30,3.58620240384616,3.61668743961353,4.58988173076923,4.76178942307692,4.61394497607656,1.0277425722303999
2017-12-29,0.266444497607656,0.654930097087377,-0.108365668646153,0.50963961352657,1.76472679425837,1.4982822966507139
2018-01-31,3.68815240384615,3.07462038834952,2.6991859223301,3.37580579710145,3.32280480769231,-0.36534759615383994
2018-02-28,-3.9983,-4.32889805825243,-4.63129855072464,-4.65252899320145,-4.87551304347826,-0.8772130434782599
2018-03-29,0.621651941747572,0.825054368932038,1.17101268292683,0.236209223300971,0.401800975609756,-0.21985096613781602
2018-04-30,1.21847766990291,0.35267756097561,-0.424621463414633,-0.629394634146341,1.72743009708738,0.5089524271844699
2018-05-31,3.75008300970874,3.46770682926829,1.82256536585366,2.39287317073171,2.7227713592233,-1.0273116504854403
2018-06-29,1.48250922330097,0.757799512195122,0.567053658536585,0.765018536585366,1.14578932038835,-0.33671990291262
2018-07-31,1.9956371559633,3.38727373271889,3.29536192660551,2.24407142857143,1.71418211009174,-0.2814550458715599
2018-08-31,2.14285852534562,1.66784398148148,1.59776036866359,2.1564212962963,0.225796774193549,-1.917061751152071
2018-09-28,-0.0140981566820279,-0.203454166666667,-1.43692685185185,-1.97759351851852,-2.60052050745991,-2.586422350777882
2018-10-31,-10.2331857142857,-9.02851813953488,-7.99053240740741,-8.84195555555556,-10.029725,0.20346071428570056
2018-11-30,0.401746511627908,2.28210186915888,2.41541209302325,0.714455868544602,1.26031720930233,0.8585706976744221
2018-12-31,-10.0803257009346,-11.201241509434,-10.5853837832037,-11.7379300469484,-12.7285775700935,-2.6482518691589014
2019-01-31,11.5103342903071,9.82262963478774,10.3868076190476,12.5156867924528,13.4654066037736,1.9550723134665002
2019-02-28,4.91232511848341,5.5125119047619,4.5030009478673,3.24978957345972,3.30774764150944,-1.60457747697397
2019-03-29,-0.623536018957347,-0.472282775119617,-2.34717571428571,-1.97702333333333,-3.49539194312796,-2.871855924170613
2019-04-30,2.87354218009479,3.97456428571429,4.69133476190476,4.10595333333334,4.28523696682465,1.4116947867298602
2019-05-31,-7.13991952380952,-7.03338086124402,-7.57227272727273,-10.256543062201,-12.1631161904762,-5.0231966666666805
2019-06-28,8.23214285714285,8.14744736842105,8.34127684509092,7.60219521531101,8.4754280952381,0.2432852380952486
2019-07-31,1.24864109589041,0.510621917808219,0.885758986175116,0.217353943711872,-0.444272018348625,-1.692913114239035
2019-08-30,-4.32149633027523,-1.66323548387097,-4.25139770642202,-5.76206435185185,-8.68625412844037,-4.364757798165139
2019-09-30,2.52188617511521,2.7613866359447,5.2685625,6.83786728110598,6.12119769585254,3.5993115207373294
2019-10-31,-0.383824537037037,0.680458139534883,0.986132407407407,1.59757162790698,-0.051755555555555,0.332068981481482
2019-11-29,2.29401441860465,2.28411488372093,3.35575747663551,4.50522651162791,2.81365953488372,0.5196451162790701
2019-12-31,3.71584093023256,2.66860747663552,3.59325720930233,3.53946682242991,6.72914,3.01329906976744
2020-01-31,0.185807476635514,-1.55485794392523,-4.68921596244131,-5.5098396493271,-8.33820841121495,-8.524015887850464
2020-02-28,-7.71216588785047,-9.59573568075117,-10.6429957943925,-11.3910613207547,-12.1578948598131,-4.445728971962629
2020-03-31,-19.8570836448598,-19.3942953619336,-22.8474145539906,-28.2667514018692,-35.9767247663551,-16.1196411214953
2020-04-30,16.0026514150943,13.7697127962085,16.0767037914692,17.6012231132076,32.5942547169811,16.5916033018868
2020-05-29,7.67166255924171,6.44661523809524,5.4270952606635,3.2510419047619,3.68657582938389,-3.9850867298578203
2020-06-30,1.80211327014218,0.315390476190477,2.61536523809524,3.9385519047619,5.44334123222749,3.64122796208531
2020-07-31,4.63492195121951,6.19168341463415,4.29372647058824,1.96824536585366,2.78804427373854,-1.8468776774809696
2020-08-31,5.44135951219512,5.79496009852217,4.91414460784314,5.71236960784314,8.19711519607843,2.7557556838833097
2020-09-30,-2.70899950980392,-3.16580689655172,-4.03822216748768,-3.5390157635468,-2.85935862068966,-0.15035911088574005
2020-10-30,1.26203694581281,0.0173216748768475,0.973420792079207,4.00693448275862,2.78689704433498,1.5248600985221699
2020-11-30,13.9179099009901,11.9047288557214,16.0874700537129,20.7842293532338,25.8100084158416,11.8920985148515
2020-12-31,5.72329502487563,4.64922338308458,5.33248341708543,7.73326567164179,10.5503507462687,4.82705572139307
2021-01-29,0.36783216080402,-1.0626303030303,0.0521527638190953,0.562926767676768,4.32376432160804,3.9559321608040205
2021-02-26,4.82797121212121,4.59763724489796,7.06211878172589,12.5341145384594,15.7064823232323,10.878511111111091
2021-03-31,0.756479292929292,5.77533248730965,7.02326751269036,7.44322397959184,5.84961414141414,5.093134848484848
2021-04-30,4.21831632653061,3.67567040816327,4.74666974358975,4.24761875305408,3.84414642857143,-0.3741698979591801
2021-05-28,0.934481632653062,1.98412113402062,3.46739384615384,2.95372371134021,6.22167551020408,5.287193877551018
2021-06-30,1.10123641025641,-0.5091,-1.51521288659794,-2.56069072164949,-1.20832153846154,-2.3095579487179503
2021-07-30,0.0967304597701151,1.99928678160919,1.90414797687861,-0.448755172413794,-1.85495804597701,-1.9516885057471252
2021-08-31,2.22845529411765,1.52461941176471,1.20381597633136,2.47445470588235,3.63298470588235,1.4045294117646998
2021-09-30,-4.3088094117647,-4.12842647058824,-4.65467705882353,-3.29585117647059,-1.4825205882353,2.8262888235293997
2021-10-29,4.90643647058824,5.66518343195266,5.24650823529412,4.92586449704142,2.59880764705883,-2.30762882352941
2021-11-30,-3.49149058823529,-2.39538224852071,-1.36446035502959,-1.86767159763314,-2.94399705882353,0.54749352941176
2021-12-31,4.18754588235294,5.16616529411765,6.63351597633136,6.34165588235294,5.30088535855294,1.1133394762000002
2022-01-31,-7.82006666666666,-7.22179352941177,-5.18905844678129,-2.35870647058823,-3.97921799102118,3.8408486756454803
2022-02-28,0.460888953488372,-1.66697647058824,-0.917391812865498,0.219371176470588,0.889136842105264,0.428247888616892
2022-03-31,1.36437426900585,2.84611529411765,2.62348823529412,-0.83586588235294,-0.968,-2.33237426900585
2022-04-29,-9.24541676300579,-6.21796453488372,-4.76446416184971,-4.08151046511628,-5.98367283236994,3.26174393063585
2022-05-31,0.0539173410404632,1.03697906976744,2.32445260115607,2.62393023255814,4.22213294797688,4.168215606936417
2022-06-30,-9.59375606936417,-7.46598497109827,-8.14192716763006,-8.32190867052024,-10.3714658959538,-0.7777098265896303
2022-07-29,10.0922339534884,9.29247720930232,8.30676418604651,8.47376558139535,9.53288504672897,-0.5593489067594302
2022-08-31,-3.1472,-2.63912385321101,-3.75654794520548,-3.76584908256881,-2.99001095890411,0.15718904109589005
2022-09-30,-9.45854954128441,-9.5994747706422,-9.63146422018348,-9.06202431192661,-12.9675197247706,-3.5089701834861895
2022-10-31,10.6699552511416,10.2085470319635,12.0982417431193,11.3713127853881,12.4768671232877,1.8069118721461006
2022-11-30,4.18347824074074,5.42882511627907,5.68683518518519,5.93863116279069,6.63418475821481,2.45070651747407
2022-12-30,-4.45777757009346,-4.76981168224299,-4.49531355140187,-4.67423551401869,-5.25861448598131,-0.8008369158878503
2023-01-31,9.48920406171308,6.47354319248827,7.69551877934272,11.5087276995305,15.0541728971963,5.564968835483221
2023-02-28,-2.1229103286385,-2.43870563380282,-1.49007803738318,-1.82948309859155,-2.77484158878505,-0.6519312601465499
2023-03-31,-0.129278037383177,-0.730631964669953,-3.03441079812207,-5.59746854460094,-5.90780187793427,-5.7785238405510935
2023-04-28,-0.315604716981132,-0.409657345971565,-1.72974187490519,-0.761493396226415,0.209970422535212,0.525575139516344
2023-05-31,-2.42461643192488,-3.57994103773585,-3.994263507109,-5.38164103773585,-4.50472582159624,-2.0801093896713594
2023-06-30,9.08537075471698,8.69928490566037,8.41835613207547,9.9163537735849,12.8696707900811,3.7843000353641205
2023-07-31,3.371825,3.23492824074074,5.44966465116279,8.13056079572547,8.31618564814815,4.94436064814815
2023-08-31,-1.36352777777778,-2.78704814814815,-3.73164907407407,-3.57709255813953,-2.61167817422732,-1.2481503964495402
2023-09-29,-5.31433518518518,-5.05200511627907,-5.14635740740741,-4.51943813953488,-2.25752093023256,3.05681425495262
2023-10-31,-5.18883627906977,-3.61499672897197,-5.08804252336449,-5.37236635514019,-5.06917821616233,0.11965806290744041
2023-11-30,9.14173836762523,7.23594205607477,7.63940563380282,10.0632308411215,8.68442441314554,-0.45731395447968914
2023-12-29,6.35814056603773,6.33992676056337,9.40515164319249,11.3320408450704,10.8480154929578,4.489874926920069
2024-01-31,-1.44221028037383,-1.44077547169811,-2.22251455399061,-3.09119906103286,-1.94271214953271,-0.5005018691588801
2024-02-29,5.86514131455399,4.51718537735849,4.44884741784037,3.40175,2.81837887323944,-3.0467624413145504
2024-03-28,4.90564882629108,5.05409906103286,4.17607075471698,6.68937699530516,6.14961357276995,1.24396474647887
2024-04-30,-5.40167264150944,-5.11639339622642,-3.41658388625593,-6.40405188679245,-5.73893601895735,-0.33726337744791035
2024-05-31,5.13912783018868,4.21820904761905,4.64786966824644,4.20463981042654,5.66720283018868,0.5280750000000003
2024-06-28,-0.672862559241707,-1.90869473684211,-2.34388857142857,-3.19031238095238,-4.67024454976303,-3.997381990521323
2024-07-31,6.08500563380281,6.90280995260663,8.34089339622641,9.507575,7.69660219365916,1.6115965598563502
2024-08-30,0.46848537735849,1.19020188679245,-0.882345023696682,-0.427250943396225,-1.57764028436019,-2.04612566171868
2024-09-30,2.06655566037736,2.10119669811321,1.98795377358491,0.799864622641509,-0.168740597632075,-2.235296258009435
2024-10-31,-1.41951502347418,-1.75579194312796,-1.24845660377359,-0.221809905660377,-2.91637641509434,-1.4968613916201599
2024-11-29,9.09604339622642,9.00211137440758,8.90988396226414,10.0768156398104,7.31460660377359,-1.7814367924528307
2024-12-31,-5.66980518867924,-6.9846180952381,-6.77993791469195,-7.32164265402844,-7.17263066037736,-1.5028254716981193
